Date,bbb_spread,vix,us10y,us2y,Close,Volume
2021-04-12,1.16,16.91,1.69,0.18,245.56092834472656,27148700
2021-04-13,1.17,16.65,1.64,0.16,248.03662109375,23837500
2021-04-14,1.16,16.99,1.64,0.16,245.25384521484372,23070900
2021-04-15,1.16,16.57,1.56,0.16,249.0056915283203,25627500
2021-04-16,1.17,16.25,1.59,0.16,250.19552612304688,24878600
2021-04-19,1.18,17.29,1.61,0.16,248.27639770507807,23209300
2021-04-20,1.19,18.68,1.58,0.15,247.81588745117188,19722900
2021-04-21,1.19,17.5,1.57,0.15,250.04200744628903,24030400
2021-04-22,1.18,18.71,1.57,0.16,246.7699737548828,25606200
2021-04-23,1.17,17.33,1.58,0.16,250.5889892578125,21462600
2021-04-26,1.17,17.64,1.58,0.18,250.9727783203125,19763300
2021-04-27,1.16,17.56,1.63,0.17,251.37586975097656,31014200
2021-04-28,1.16,17.28,1.63,0.17,244.2655029296875,46903100
2021-04-29,1.16,17.61,1.65,0.16,242.29840087890625,40589000
2021-04-30,1.17,18.61,1.65,0.16,241.9817352294922,30945100
2021-05-03,1.16,18.31,1.63,0.16,241.6746826171875,19626600
2021-05-04,1.17,19.48,1.61,0.16,237.76927185058597,32756100
2021-05-05,1.16,19.15,1.59,0.16,236.5026397705078,21901300
2021-05-06,1.16,18.39,1.58,0.16,239.63079833984372,26491100
2021-05-07,1.15,16.69,1.6,0.14,242.25042724609372,27032900
2021-05-10,1.15,19.66,1.63,0.16,237.18394470214844,29299900
2021-05-11,1.16,21.84,1.64,0.16,236.27235412597656,33641600
2021-05-12,1.15,27.59,1.69,0.16,229.33474731445312,36684400
2021-05-13,1.16,23.13,1.66,0.16,233.2017822265625,29624300
2021-05-14,1.15,18.81,1.63,0.16,238.11471557617188,23901100
2021-05-17,1.14,19.72,1.64,0.16,235.26480102539065,24970200
2021-05-18,1.14,21.34,1.64,0.16,233.249755859375,20168000
2021-05-19,1.14,22.18,1.68,0.16,233.8268280029297,25739800
2021-05-20,1.14,20.67,1.63,0.15,237.0583648681641,21800700
2021-05-21,1.14,20.15,1.63,0.17,235.7984619140625,21863100
2021-05-24,1.13,18.4,1.61,0.15,241.19400024414065,21411500
2021-05-25,1.13,18.84,1.56,0.15,242.0980987548828,17704300
2021-05-26,1.13,17.36,1.58,0.14,241.87689208984372,17771600
2021-05-27,1.13,16.74,1.61,0.14,239.78021240234372,24426200
2021-05-28,1.12,16.76,1.58,0.14,240.13604736328125,18270200
2021-06-01,1.13,17.9,1.62,0.16,237.94317626953125,23213300
2021-06-02,1.13,17.48,1.59,0.13,237.8470458984375,19406700
2021-06-03,1.13,18.04,1.63,0.16,236.31781005859372,25307700
2021-06-04,1.13,16.42,1.56,0.14,241.20364379882807,25281100
2021-06-07,1.13,16.42,1.57,0.16,244.1082000732422,23079200
2021-06-08,1.13,17.07,1.53,0.14,242.91558837890625,22455000
2021-06-09,1.13,17.89,1.5,0.16,243.8966217041016,17937600
2021-06-10,1.12,16.1,1.45,0.14,247.40704345703125,24563600
2021-06-11,1.11,15.65,1.47,0.16,248.03224182128903,18999700
2021-06-14,1.1,16.39,1.51,0.16,249.955810546875,19150500
2021-06-15,1.1,17.02,1.51,0.16,248.48422241210935,18038900
2021-06-16,1.08,18.15,1.57,0.21,247.54171752929688,27220000
2021-06-17,1.08,17.75,1.52,0.23,250.92724609375,27565500
2021-06-18,1.08,20.7,1.45,0.26,249.51336669921875,37202200
2021-06-21,1.08,17.89,1.5,0.27,252.59109497070312,26696100
2021-06-22,1.08,16.66,1.48,0.25,255.36094665527344,24694100
2021-06-23,1.09,16.32,1.5,0.26,255.13015747070312,19518700
2021-06-24,1.08,15.97,1.49,0.26,256.495849609375,21446900
2021-06-25,1.07,15.62,1.54,0.28,254.8896484375,25611100
2021-06-28,1.07,15.76,1.49,0.25,258.4482421875,19590000
2021-06-29,1.07,16.02,1.49,0.27,261.0258178710937,19937800
2021-06-30,1.07,15.83,1.45,0.25,260.5448913574219,21656500
2021-07-01,1.08,15.48,1.48,0.25,261.21807861328125,16725300
2021-07-02,1.08,15.07,1.44,0.24,267.0369567871094,26458000
2021-07-06,1.08,16.44,1.37,0.22,267.0465087890625,31565600
2021-07-07,1.09,16.2,1.33,0.22,269.229736328125,23260000
2021-07-08,1.12,19.0,1.3,0.19,266.81573486328125,24618600
2021-07-09,1.11,16.18,1.37,0.23,267.3158569335937,23916700
2021-07-12,1.11,16.17,1.38,0.23,266.7195129394531,18931700
2021-07-13,1.1,17.12,1.42,0.26,270.2396240234375,26120100
2021-07-14,1.1,16.33,1.37,0.23,271.71112060546875,23113700
2021-07-15,1.11,17.01,1.31,0.23,270.28778076171875,22604200
2021-07-16,1.12,18.45,1.31,0.25,270.018310546875,26186800
2021-07-19,1.14,22.5,1.19,0.21,266.42138671875,32935600
2021-07-20,1.15,19.73,1.23,0.2,268.6430969238281,26259700
2021-07-21,1.14,17.91,1.3,0.22,270.6435852050781,24364300
2021-07-22,1.13,17.69,1.27,0.2,275.2024841308594,23384100
2021-07-23,1.13,17.2,1.3,0.22,278.5974426269531,22768100
2021-07-26,1.13,17.58,1.29,0.22,278.0010986328125,23176100
2021-07-27,1.13,19.36,1.25,0.2,275.5870666503906,33604100
2021-07-28,1.12,18.31,1.26,0.2,275.2793273925781,33566900
2021-07-29,1.12,17.7,1.28,0.2,275.5486145019531,18168300
2021-07-30,1.12,18.24,1.24,0.19,274.0193786621094,20944800
2021-08-02,1.14,19.46,1.2,0.17,273.932861328125,16267400
2021-08-03,1.15,18.04,1.19,0.17,276.1449279785156,17879000
2021-08-04,1.15,17.97,1.19,0.17,275.5582275390625,16191300
2021-08-05,1.15,17.28,1.23,0.21,278.4531555175781,13900200
2021-08-06,1.15,16.15,1.31,0.21,278.3954162597656,16589300
2021-08-09,1.15,16.72,1.33,0.23,277.3086242675781,16117600
2021-08-10,1.15,16.79,1.36,0.24,275.49090576171875,18616600
2021-08-11,1.15,16.06,1.35,0.23,275.98150634765625,13955900
2021-08-12,1.15,15.59,1.36,0.23,278.7320861816406,14561300
2021-08-13,1.14,15.45,1.29,0.23,281.65594482421875,18249000
2021-08-16,1.15,16.12,1.26,0.21,283.3390197753906,22507600
2021-08-17,1.15,17.91,1.26,0.23,281.87701416015625,20075300
2021-08-18,1.16,21.57,1.27,0.23,280.1522521972656,21813000
2021-08-19,1.17,21.67,1.24,0.22,285.9724426269531,29850500
2021-08-20,1.17,18.56,1.26,0.23,293.286376953125,40817600
2021-08-23,1.17,17.15,1.25,0.23,293.56573486328125,22830200
2021-08-24,1.16,17.22,1.29,0.24,291.6096496582031,18175800
2021-08-25,1.15,16.79,1.35,0.23,291.0218200683594,20006100
2021-08-26,1.14,18.84,1.34,0.25,288.2080383300781,17666100
2021-08-27,1.14,16.39,1.31,0.22,288.81512451171875,22605700
2021-08-30,1.14,16.19,1.29,0.2,292.5443115234375,16348100
2021-08-31,1.14,16.48,1.3,0.2,290.89654541015625,26285300
2021-09-01,1.14,16.11,1.31,0.2,290.848388671875,18983800
2021-09-02,1.14,16.41,1.29,0.2,290.1931457519531,16285600
2021-09-03,1.13,16.41,1.33,0.21,290.1835327148437,14747900
2021-09-07,1.13,18.14,1.38,0.22,289.2584228515625,17180400
2021-09-08,1.14,17.96,1.35,0.22,289.2873840332031,15046800
2021-09-09,1.13,18.8,1.3,0.23,286.4349975585937,19927000
2021-09-10,1.12,20.95,1.35,0.23,284.95098876953125,19633400
2021-09-13,1.12,19.37,1.33,0.21,286.1844482421875,23652900
2021-09-14,1.12,19.46,1.28,0.21,288.8825988769531,21853400
2021-09-15,1.12,18.18,1.31,0.21,293.7295837402344,28356300
2021-09-16,1.11,18.69,1.34,0.23,294.11505126953125,19550800
2021-09-17,1.1,20.81,1.37,0.23,288.959716796875,41372500
2021-09-20,1.12,25.71,1.31,0.23,283.59234619140625,38278700
2021-09-21,1.12,24.36,1.33,0.22,284.0741577148437,22364100
2021-09-22,1.11,20.87,1.32,0.25,287.7166442871094,26626300
2021-09-23,1.09,18.63,1.41,0.27,288.66094970703125,18604600
2021-09-24,1.08,17.75,1.47,0.29,288.4586181640625,14999000
2021-09-27,1.07,18.76,1.48,0.31,283.4670715332031,23571700
2021-09-28,1.08,23.25,1.54,0.31,273.2045593261719,43186200
2021-09-29,1.07,22.56,1.55,0.3,273.6671447753906,26353700
2021-09-30,1.1,23.14,1.52,0.28,271.66278076171875,32343600
2021-10-01,1.1,21.15,1.48,0.27,278.58154296875,30086300
2021-10-04,1.11,22.96,1.49,0.27,272.8095092773437,31350700
2021-10-05,1.1,21.3,1.54,0.28,278.2538757324219,24993000
2021-10-06,1.11,21.0,1.53,0.3,282.4457092285156,28002600
2021-10-07,1.11,19.54,1.58,0.32,284.1222839355469,20430500
2021-10-08,1.11,18.77,1.61,0.32,284.1222839355469,17685700
2021-10-11,1.11,20.0,1.61,0.32,283.52490234375,19298600
2021-10-12,1.12,19.85,1.59,0.35,282.2239685058594,17974100
2021-10-13,1.12,18.64,1.56,0.37,285.5292358398437,23416300
2021-10-14,1.12,16.86,1.52,0.36,291.7348937988281,27262900
2021-10-15,1.1,16.3,1.59,0.41,293.14178466796875,25384800
2021-10-18,1.1,16.31,1.59,0.44,296.1097717285156,22729300
2021-10-19,1.1,15.7,1.65,0.41,297.0155944824219,17682100
2021-10-20,1.1,15.49,1.65,0.4,296.2253723144531,16537100
2021-10-21,1.1,15.01,1.68,0.45,299.45343017578125,16918100
2021-10-22,1.11,15.43,1.66,0.48,297.9117126464844,17449300
2021-10-25,1.1,15.24,1.64,0.47,296.91912841796875,17554500
2021-10-26,1.1,15.98,1.63,0.47,298.8271484375,28107300
2021-10-27,1.1,16.98,1.54,0.5,311.4119567871094,52588700
2021-10-28,1.1,16.53,1.57,0.5,312.5489807128906,26297900
2021-10-29,1.1,16.26,1.55,0.48,319.5544738769531,34766000
2021-11-01,1.12,16.41,1.58,0.5,317.3863830566406,27073200
2021-11-02,1.12,16.03,1.56,0.46,321.00958251953125,26487100
2021-11-03,1.12,15.1,1.6,0.47,321.84796142578125,21500100
2021-11-04,1.12,15.44,1.53,0.41,324.1991271972656,23992200
2021-11-05,1.11,16.48,1.45,0.39,323.8329467773437,22570100
2021-11-08,1.11,17.22,1.51,0.45,324.7291259765625,20897000
2021-11-09,1.12,17.78,1.46,0.41,323.7270202636719,21307400
2021-11-10,1.11,18.73,1.56,0.51,318.7643737792969,25500900
2021-11-11,1.11,17.66,1.56,0.51,320.3350524902344,16849800
2021-11-12,1.12,16.29,1.58,0.53,324.468994140625,23831000
2021-11-15,1.12,16.49,1.63,0.53,323.8426513671875,16723000
2021-11-16,1.14,16.37,1.63,0.54,327.15740966796875,20886800
2021-11-17,1.15,17.11,1.6,0.52,327.3795471191406,19053400
2021-11-18,1.15,17.59,1.59,0.52,329.4550170898437,22463500
2021-11-19,1.15,17.91,1.54,0.52,331.2313232421875,21963400
2021-11-22,1.15,19.17,1.63,0.63,328.0649108886719,31031100
2021-11-23,1.18,19.38,1.67,0.6,325.9893493652344,30427600
2021-11-24,1.17,18.58,1.64,0.64,326.2114562988281,21661300
2021-11-26,1.23,28.62,1.48,0.5,318.2663269042969,24217200
2021-11-29,1.24,22.96,1.52,0.51,324.97564697265625,28563500
2021-11-30,1.26,27.19,1.43,0.52,319.144775390625,42885600
2021-12-01,1.27,31.12,1.43,0.56,318.6523742675781,33337600
2021-12-02,1.28,27.95,1.44,0.63,318.0828552246094,30766000
2021-12-03,1.27,30.67,1.35,0.6,311.8272705078125,41779300
2021-12-06,1.25,27.18,1.43,0.65,314.8971252441406,30032600
2021-12-07,1.22,21.89,1.48,0.7,323.3248596191406,31021900
2021-12-08,1.22,19.9,1.52,0.68,323.3731689453125,24761000
2021-12-09,1.22,21.58,1.49,0.7,321.56793212890625,22214200
2021-12-10,1.22,18.69,1.48,0.67,330.6810913085937,38095700
2021-12-13,1.23,20.31,1.42,0.66,327.6498413085937,28899400
2021-12-14,1.23,21.89,1.44,0.67,316.9726867675781,44438700
2021-12-15,1.24,19.29,1.47,0.69,323.0642395019531,35381100
2021-12-16,1.24,20.57,1.44,0.64,313.6517639160156,35034800
2021-12-17,1.24,21.57,1.41,0.66,312.58984375,47750300
2021-12-20,1.26,22.87,1.43,0.65,308.8345642089844,28326500
2021-12-21,1.25,21.01,1.48,0.7,315.9590148925781,24740600
2021-12-22,1.24,18.63,1.46,0.68,321.6644287109375,24831500
2021-12-23,1.23,17.96,1.5,0.71,323.1028747558594,19617800
2021-12-27,1.22,17.68,1.48,0.76,330.5941772460937,19947000
2021-12-28,1.21,17.54,1.49,0.74,329.4356384277344,15661500
2021-12-29,1.2,16.95,1.55,0.75,330.1115417480469,15042000
2021-12-30,1.2,17.33,1.52,0.73,327.5725402832031,15994500
2021-12-31,1.21,17.22,1.52,0.73,324.6764831542969,18000800
2022-01-03,1.2,16.6,1.63,0.78,323.1607666015625,28865100
2022-01-04,1.19,16.91,1.66,0.77,317.61944580078125,32674300
2022-01-05,1.17,19.73,1.71,0.83,305.4267883300781,40054300
2022-01-06,1.17,19.61,1.73,0.88,303.0133056640625,39646100
2022-01-07,1.17,18.76,1.76,0.87,303.1678161621094,32720000
2022-01-10,1.18,19.4,1.78,0.92,303.3898620605469,44289500
2022-01-11,1.19,18.41,1.75,0.9,304.0752258300781,29386800
2022-01-12,1.19,17.62,1.74,0.92,307.2513427734375,34372200
2022-01-13,1.2,20.31,1.7,0.91,294.2477111816406,45366000
2022-01-14,1.2,19.19,1.78,0.99,299.4607849121094,39846400
2022-01-18,1.21,22.79,1.87,1.06,292.1720275878906,42333200
2022-01-19,1.22,23.85,1.83,1.04,292.8285217285156,45933900
2022-01-20,1.23,25.59,1.83,1.08,291.1584777832031,35380700
2022-01-21,1.26,28.85,1.75,1.01,285.7813415527344,57984400
2022-01-24,1.29,29.9,1.75,0.99,286.1094970703125,85731500
2022-01-25,1.28,31.16,1.78,1.02,278.5023498535156,72848600
2022-01-26,1.26,31.96,1.85,1.13,286.43780517578125,90428900
2022-01-27,1.31,30.49,1.81,1.18,289.4593505859375,53481300
2022-01-28,1.33,27.66,1.78,1.15,297.5879821777344,49743700
2022-01-31,1.34,24.83,1.79,1.18,300.2137756347656,46444500
2022-02-01,1.33,21.96,1.81,1.18,298.07061767578125,40950400
2022-02-02,1.32,22.09,1.78,1.16,302.6078186035156,36636000
2022-02-03,1.33,24.35,1.82,1.19,290.82061767578125,43730000
2022-02-04,1.33,23.22,1.93,1.31,295.3481140136719,35096500
2022-02-07,1.35,22.86,1.92,1.3,290.53094482421875,28533300
2022-02-08,1.34,21.44,1.96,1.35,294.0160217285156,32421200
2022-02-09,1.33,19.96,1.94,1.36,300.4357604980469,31284700
2022-02-10,1.32,23.91,2.03,1.61,291.9114990234375,45386200
2022-02-11,1.35,27.36,1.92,1.5,284.8255615234375,39175600
2022-02-14,1.36,28.33,1.98,1.58,284.78692626953125,36359500
2022-02-15,1.36,25.7,2.05,1.58,290.067626953125,27058300
2022-02-16,1.39,24.29,2.03,1.52,289.72900390625,29982100
2022-02-17,1.43,28.11,1.97,1.49,281.2451171875,32461600
2022-02-18,1.46,27.75,1.92,1.47,278.5364990234375,34264000
2022-02-22,1.49,28.81,1.94,1.56,278.3333435058594,41736100
2022-02-23,1.5,31.02,1.99,1.58,271.1263427734375,37811200
2022-02-24,1.59,30.32,1.96,1.54,284.9792175292969,56989700
2022-02-25,1.54,27.59,1.97,1.55,287.6104431152344,32546700
2022-02-28,1.6,30.15,1.83,1.44,289.04217529296875,34627500
2022-03-01,1.64,33.32,1.72,1.31,285.327392578125,31217800
2022-03-02,1.64,30.74,1.86,1.5,290.3965148925781,31873000
2022-03-03,1.64,30.48,1.86,1.53,286.26580810546875,27314500
2022-03-04,1.69,31.98,1.74,1.5,280.4034423828125,32356500
2022-03-07,1.75,36.45,1.78,1.55,269.8107604980469,43157200
2022-03-08,1.81,35.13,1.86,1.63,266.8505859375,48159500
2022-03-09,1.79,32.45,1.94,1.68,279.0878601074219,35204500
2022-03-10,1.8,30.23,1.98,1.72,276.2727966308594,30628000
2022-03-11,1.82,30.75,2.0,1.75,270.932861328125,27209300
2022-03-14,1.84,31.77,2.14,1.87,267.4213256835937,30660700
2022-03-15,1.85,29.83,2.15,1.85,277.7818603515625,34245100
2022-03-16,1.79,26.67,2.19,1.95,284.7856750488281,37826300
2022-03-17,1.71,25.67,2.2,1.94,285.58856201171875,30816600
2022-03-18,1.69,23.87,2.14,1.97,290.62860107421875,43390600
2022-03-21,1.65,23.53,2.32,2.14,289.4000549316406,28351200
2022-03-22,1.63,22.94,2.38,2.18,294.14019775390625,27599700
2022-03-23,1.63,23.57,2.32,2.13,289.7193603515625,25715400
2022-03-24,1.64,21.67,2.34,2.13,294.17889404296875,24484500
2022-03-25,1.61,20.81,2.48,2.3,293.77264404296875,22566500
2022-03-28,1.61,19.63,2.46,2.35,300.5635986328125,29578200
2022-03-29,1.57,18.9,2.41,2.35,305.11993408203125,30393400
2022-03-30,1.56,19.33,2.35,2.31,303.6205749511719,28163600
2022-03-31,1.49,20.56,2.32,2.28,298.25152587890625,33422100
2022-04-01,1.47,19.63,2.39,2.44,299.325439453125,27110500
2022-04-04,1.44,18.57,2.42,2.43,304.6942138671875,24289600
2022-04-05,1.42,21.03,2.54,2.51,300.7377014160156,23156700
2022-04-06,1.44,22.1,2.61,2.5,289.72900390625,40110400
2022-04-07,1.45,21.55,2.66,2.47,291.5380249023437,31411200
2022-04-08,1.46,21.16,2.72,2.53,287.28155517578125,24361900
2022-04-11,1.5,24.37,2.79,2.5,275.9535827636719,34569300
2022-04-12,1.52,24.26,2.72,2.39,272.8580017089844,30966700
2022-04-13,1.55,21.82,2.7,2.37,278.2366027832031,21907200
2022-04-14,1.54,22.7,2.83,2.47,270.7007751464844,28221600
2022-04-18,1.54,22.17,2.85,2.46,271.3681030273437,20778000
2022-04-19,1.55,21.37,2.93,2.61,275.9922790527344,22297700
2022-04-20,1.56,20.32,2.85,2.6,277.0176696777344,22906700
2022-04-21,1.57,22.68,2.9,2.68,271.64874267578125,29454600
2022-04-22,1.61,28.21,2.9,2.72,265.0898742675781,29405800
2022-04-25,1.64,27.02,2.81,2.63,271.5616760253906,35678900
2022-04-26,1.65,33.52,2.77,2.54,261.404296875,46518400
2022-04-27,1.68,31.6,2.82,2.58,273.98016357421875,63477700
2022-04-28,1.67,29.99,2.85,2.63,280.18096923828125,33646600
2022-04-29,1.69,33.4,2.89,2.7,268.4660339355469,37073900
2022-05-02,1.72,32.34,2.99,2.73,275.1893615722656,35151100
2022-05-03,1.71,29.25,2.97,2.78,272.5871276855469,25978600
2022-05-04,1.71,25.42,2.93,2.66,280.5195617675781,33599300
2022-05-05,1.7,31.2,3.05,2.71,268.3016357421875,43260400
2022-05-06,1.71,30.19,3.12,2.72,265.76715087890625,37780300
2022-05-09,1.75,34.75,3.05,2.61,255.94827270507807,47726000
2022-05-10,1.77,32.99,2.99,2.62,260.7076721191406,39336400
2022-05-11,1.77,32.56,2.91,2.66,252.04974365234372,48975900
2022-05-12,1.8,31.77,2.84,2.56,247.01934814453125,51033800
2022-05-13,1.8,28.87,2.93,2.61,252.6011199951172,34925100
2022-05-16,1.82,27.47,2.88,2.58,252.9687042236328,32550900
2022-05-17,1.82,26.1,2.98,2.71,258.1152038574219,28828800
2022-05-18,1.86,30.96,2.89,2.68,246.3632659912109,31356000
2022-05-19,1.88,29.35,2.84,2.63,245.45181274414065,32692300
2022-05-20,1.89,29.43,2.78,2.6,244.88943481445312,39199300
2022-05-23,1.87,28.48,2.86,2.65,252.73373413085935,33175400
2022-05-24,1.88,29.45,2.76,2.5,251.73504638671875,29043900
2022-05-25,1.83,28.37,2.75,2.48,254.5470123291016,28547900
2022-05-26,1.78,27.5,2.75,2.46,257.82421875,25002100
2022-05-27,1.75,25.72,2.74,2.47,264.9413146972656,26910800
2022-05-31,1.73,26.19,2.85,2.53,263.61297607421875,37827700
2022-06-01,1.7,25.69,2.94,2.66,264.14630126953125,25292200
2022-06-02,1.71,24.72,2.92,2.65,266.2406311035156,44008200
2022-06-03,1.71,24.79,2.96,2.66,261.8191223144531,28059000
2022-06-06,1.69,25.07,3.04,2.73,260.5877380371094,22400300
2022-06-07,1.71,24.02,2.98,2.75,264.2237548828125,22860700
2022-06-08,1.69,23.96,3.03,2.78,262.19732666015625,17372300
2022-06-09,1.71,26.09,3.04,2.83,256.7479858398437,26439700
2022-06-10,1.75,27.75,3.15,3.06,245.306396484375,31422800
2022-06-13,1.8,34.02,3.43,3.4,234.9022521972656,46135800
2022-06-14,1.8,32.69,3.49,3.45,237.0645446777344,28651500
2022-06-15,1.8,29.62,3.33,3.2,244.1137237548828,33111700
2022-06-16,1.85,32.95,3.28,3.14,237.5299530029297,33169200
2022-06-17,1.86,31.13,3.25,3.17,240.1285552978516,43084800
2022-06-21,1.85,30.19,3.31,3.21,246.03358459472656,29928300
2022-06-22,1.91,28.95,3.16,3.06,245.442138671875,25939900
2022-06-23,1.94,29.05,3.09,3.01,250.99807739257807,25861400
2022-06-24,1.92,27.23,3.13,3.04,259.5696105957031,33923200
2022-06-27,1.91,26.95,3.2,3.08,256.8450012207031,24615100
2022-06-28,1.94,28.36,3.2,3.1,248.69036865234372,27295500
2022-06-29,1.97,28.16,3.1,3.06,252.3555603027344,20069800
2022-06-30,2.04,28.71,2.98,2.92,249.02972412109372,31730900
2022-07-01,2.05,26.7,2.88,2.84,251.69622802734372,22837700
2022-07-05,2.08,27.54,2.82,2.82,254.8668670654297,22941000
2022-07-06,2.06,26.73,2.93,2.97,258.1248474121094,23824400
2022-07-07,2.0,26.08,3.01,3.03,260.2483825683594,20859900
2022-07-08,1.97,24.64,3.09,3.12,259.5308532714844,19658800
2022-07-11,1.99,26.17,2.99,3.07,256.4764709472656,19455200
2022-07-12,1.99,27.29,2.96,3.03,245.96571350097656,35868500
2022-07-13,2.0,26.82,2.91,3.13,245.0445556640625,29497400
2022-07-14,2.01,26.4,2.96,3.15,246.3632659912109,25102800
2022-07-15,1.99,24.23,2.93,3.13,248.923095703125,29774100
2022-07-18,1.96,25.3,2.96,3.15,246.5280914306641,20975000
2022-07-19,1.94,24.5,3.01,3.23,251.647705078125,25012600
2022-07-20,1.92,23.88,3.04,3.25,254.30450439453125,22788300
2022-07-21,1.92,23.11,2.91,3.1,256.7964782714844,22404700
2022-07-22,1.92,23.03,2.77,2.98,252.4525146484375,21881300
2022-07-25,1.94,23.36,2.81,3.0,250.9689483642578,21056000
2022-07-26,1.96,24.69,2.81,3.02,244.2494659423828,39348000
2022-07-27,1.95,23.24,2.78,2.96,260.5780334472656,45994000
2022-07-28,1.94,22.33,2.68,2.85,268.0150756835937,33459300
2022-07-29,1.91,21.33,2.67,2.89,272.2135925292969,32152800
2022-08-01,1.91,22.84,2.6,2.9,269.5664978027344,21539600
2022-08-02,1.89,23.93,2.75,3.06,266.4734191894531,22754200
2022-08-03,1.88,21.95,2.73,3.1,273.8909912109375,23518900
2022-08-04,1.88,21.44,2.68,3.03,275.03521728515625,18098700
2022-08-05,1.86,21.15,2.83,3.24,274.31768798828125,16774600
2022-08-08,1.86,21.29,2.77,3.21,271.8063049316406,18739200
2022-08-09,1.87,21.77,2.8,3.28,273.7261047363281,23405200
2022-08-10,1.83,19.74,2.78,3.23,280.3778381347656,24687800
2022-08-11,1.79,20.2,2.87,3.23,278.3028564453125,20065900
2022-08-12,1.77,19.53,2.84,3.25,283.0443725585937,22619700
2022-08-15,1.76,19.95,2.79,3.2,284.55694580078125,18085700
2022-08-16,1.75,19.69,2.82,3.25,283.8200378417969,18102900
2022-08-17,1.76,19.9,2.89,3.28,283.07183837890625,18253400
2022-08-18,1.76,19.56,2.88,3.22,281.9543762207031,17186200
2022-08-19,1.78,20.6,2.98,3.25,278.0481872558594,20570000
2022-08-22,1.8,23.8,3.03,3.32,269.88604736328125,25061100
2022-08-23,1.81,24.11,3.05,3.29,268.61309814453125,17527400
2022-08-24,1.8,22.82,3.11,3.36,267.98150634765625,18137000
2022-08-25,1.78,21.78,3.03,3.35,270.9549560546875,16583400
2022-08-26,1.78,25.56,3.04,3.37,260.49957275390625,27549300
2022-08-29,1.81,26.21,3.12,3.42,257.72052001953125,20338500
2022-08-30,1.82,26.21,3.11,3.46,255.52447509765625,22767100
2022-08-31,1.85,25.87,3.15,3.45,254.06700134277344,24791800
2022-09-01,1.88,25.56,3.26,3.51,253.02728271484372,23263400
2022-09-02,1.88,25.47,3.2,3.4,248.81011962890625,22855400
2022-09-06,1.88,26.91,3.33,3.5,246.07969665527344,21328200
2022-09-07,1.88,24.64,3.27,3.45,250.78265380859372,24126700
2022-09-08,1.86,23.61,3.29,3.48,251.2004852294922,20319900
2022-09-09,1.83,22.79,3.33,3.56,256.9722595214844,22084700
2022-09-12,1.82,23.87,3.37,3.58,259.1003112792969,18747700
2022-09-13,1.83,27.27,3.42,3.75,244.85536193847656,33353300
2022-09-14,1.82,26.16,3.41,3.78,245.07884216308597,23913000
2022-09-15,1.81,26.27,3.45,3.87,238.4325256347656,31530900
2022-09-16,1.84,26.3,3.45,3.85,237.81065368652344,39791800
2022-09-19,1.84,25.76,3.49,3.95,237.5968780517578,26826900
2022-09-20,1.83,27.16,3.57,3.96,235.58551025390625,26660300
2022-09-21,1.83,27.99,3.51,4.02,232.18458557128903,28625600
2022-09-22,1.84,27.35,3.7,4.11,234.15707397460935,31061200
2022-09-23,1.87,29.92,3.69,4.2,231.1837310791016,34176000
2022-09-26,1.91,32.26,3.88,4.27,230.7270355224609,27694200
2022-09-27,1.95,32.6,3.97,4.3,229.7164764404297,27018700
2022-09-28,2.06,30.18,3.72,4.07,234.2445526123047,29029700
2022-09-29,2.07,31.84,3.76,4.16,230.77561950683597,27484200
2022-09-30,2.06,31.62,3.83,4.22,226.3058624267578,35694800
2022-10-03,2.03,30.1,3.67,4.12,233.9239196777344,28880400
2022-10-04,1.99,29.07,3.62,4.1,241.8334197998047,34888400
2022-10-05,1.99,28.55,3.76,4.15,242.14434814453125,20347100
2022-10-06,1.96,30.52,3.83,4.23,239.80259704589844,20239900
2022-10-07,1.98,31.36,3.89,4.3,227.60797119140625,37769600
2022-10-10,1.98,32.45,3.89,4.3,222.7592315673828,29743600
2022-10-11,2.05,33.63,3.93,4.3,219.0279693603516,30474000
2022-10-12,2.1,33.57,3.91,4.28,219.3583221435547,21903900
2022-10-13,2.1,31.94,3.97,4.47,227.60797119140625,42551800
2022-10-14,2.09,32.02,4.0,4.48,222.08871459960935,30198600
2022-10-17,2.09,31.37,4.02,4.45,230.8048095703125,28142300
2022-10-18,2.07,30.5,4.01,4.43,231.747314453125,26329600
2022-10-19,2.08,30.76,4.14,4.55,229.7845001220703,19985700
2022-10-20,2.07,29.98,4.24,4.62,229.4638519287109,21811000
2022-10-21,2.09,29.69,4.21,4.49,235.26483154296875,26299700
2022-10-24,2.06,29.85,4.25,4.5,240.2496032714844,24911200
2022-10-25,2.06,28.46,4.1,4.42,243.5630340576172,34775500
2022-10-26,2.05,27.28,4.04,4.39,224.7705993652344,82543200
2022-10-27,2.06,27.39,3.96,4.3,220.3299865722656,40424600
2022-10-28,2.03,25.75,4.02,4.41,229.1918029785156,40647700
2022-10-31,2.03,25.88,4.1,4.51,225.5577087402344,28357300
2022-11-01,2.01,25.81,4.07,4.54,221.7097930908203,30592300
2022-11-02,1.99,25.86,4.1,4.61,213.8683013916016,38407000
2022-11-03,2.01,25.3,4.14,4.71,208.1838836669922,36633900
2022-11-04,1.99,24.55,4.17,4.66,215.1217498779297,36789100
2022-11-07,1.96,24.35,4.22,4.72,221.41830444335935,33498000
2022-11-08,1.96,25.54,4.14,4.67,222.38998413085935,28192500
2022-11-09,1.97,26.09,4.12,4.61,218.1534118652344,27852900
2022-11-10,1.94,23.53,3.82,4.34,236.10047912597656,46268000
2022-11-11,1.94,22.52,3.82,4.34,240.11355590820312,34620200
2022-11-14,1.87,23.73,3.88,4.4,234.7109832763672,31123300
2022-11-15,1.83,24.54,3.8,4.37,235.1190948486328,31390100
2022-11-16,1.83,24.11,3.67,4.35,235.54779052734372,24093300
2022-11-17,1.82,23.93,3.77,4.43,235.49908447265625,23123500
2022-11-18,1.79,23.12,3.82,4.51,235.0508728027344,27613500
2022-11-21,1.78,22.36,3.83,4.48,235.85964965820312,26394700
2022-11-22,1.77,21.29,3.76,4.47,238.76341247558597,19665700
2022-11-23,1.76,20.35,3.71,4.46,241.2481689453125,19508500
2022-11-25,1.75,20.5,3.68,4.42,241.16050720214844,9200800
2022-11-28,1.75,22.21,3.69,4.46,235.5770263671875,24778200
2022-11-29,1.76,21.89,3.75,4.48,234.18360900878903,17956300
2022-11-30,1.77,20.58,3.68,4.38,248.6148376464844,47594200
2022-12-01,1.75,19.84,3.53,4.25,248.1763610839844,26041500
2022-12-02,1.74,19.06,3.51,4.28,248.49790954589844,21528500
2022-12-05,1.73,20.75,3.6,4.41,243.8011779785156,23435300
2022-12-06,1.73,22.17,3.51,4.34,238.8511199951172,22463700
2022-12-07,1.74,22.68,3.42,4.26,238.12030029296875,20481500
2022-12-08,1.72,22.29,3.48,4.31,241.07278442382807,22611800
2022-12-09,1.71,22.83,3.57,4.33,239.14344787597656,20609700
2022-12-12,1.7,25.0,3.61,4.39,246.05210876464844,30665100
2022-12-13,1.7,22.55,3.51,4.22,250.34934997558597,42196900
2022-12-14,1.7,21.14,3.49,4.23,250.6416931152344,35410900
2022-12-15,1.72,22.83,3.44,4.23,242.6416473388672,35560400
2022-12-16,1.73,22.62,3.48,4.17,238.4321136474609,86102000
2022-12-19,1.73,22.42,3.57,4.25,234.30052185058597,29696400
2022-12-20,1.75,21.48,3.69,4.25,235.61602783203125,25150800
2022-12-21,1.74,20.07,3.68,4.21,238.17877197265625,23690600
2022-12-22,1.73,21.97,3.67,4.24,232.09835815429688,28651700
2022-12-23,1.72,20.87,3.75,4.31,232.62454223632807,21207000
2022-12-27,1.71,21.65,3.84,4.32,230.8998260498047,16688600
2022-12-28,1.73,22.14,3.88,4.31,228.53195190429688,17457100
2022-12-29,1.71,21.44,3.83,4.34,234.84620666503903,19770700
2022-12-30,1.71,21.67,3.88,4.41,233.68667602539065,21938500
2023-01-03,1.73,22.9,3.79,4.4,233.45278930664065,25740000
2023-01-04,1.73,22.01,3.69,4.36,223.2407989501953,50623400
2023-01-05,1.73,22.46,3.71,4.45,216.62448120117188,39585600
2023-01-06,1.73,21.13,3.55,4.24,219.17747497558597,43613600
2023-01-09,1.7,21.97,3.53,4.19,221.31146240234372,27369800
2023-01-10,1.67,20.58,3.61,4.24,222.9972076416016,27033900
2023-01-11,1.65,21.09,3.54,4.2,229.74024963378903,28669300
2023-01-12,1.64,18.83,3.43,4.12,232.41017150878903,27269500
2023-01-13,1.63,18.35,3.49,4.22,233.11175537109372,21333300
2023-01-17,1.6,19.36,3.53,4.18,234.203125,29831300
2023-01-18,1.6,20.34,3.37,4.06,229.7792053222656,30028700
2023-01-19,1.61,20.52,3.39,4.09,225.9984130859375,28623000
2023-01-20,1.6,19.85,3.48,4.14,234.0764312744141,35389800
2023-01-23,1.59,19.81,3.52,4.21,236.37608337402344,31934000
2023-01-24,1.59,19.2,3.46,4.12,235.84988403320312,40234400
2023-01-25,1.59,19.08,3.46,4.11,234.45643615722656,66526600
2023-01-26,1.56,18.73,3.49,4.17,241.65750122070312,33454500
2023-01-27,1.55,18.51,3.52,4.19,241.8133850097656,26498900
2023-01-30,1.55,19.94,3.55,4.25,236.50274658203125,25867400
2023-01-31,1.56,19.4,3.52,4.21,241.4723358154297,26541100
2023-02-01,1.56,17.87,3.39,4.09,246.28598022460935,31259900
2023-02-02,1.52,18.73,3.4,4.09,257.8329467773437,39940400
2023-02-03,1.5,18.33,3.53,4.3,251.7427673339844,29077300
2023-02-06,1.5,19.43,3.63,4.44,250.2031707763672,22518000
2023-02-07,1.51,18.66,3.67,4.47,260.71728515625,50841400
2023-02-08,1.51,19.63,3.63,4.45,259.9084777832031,54686000
2023-02-09,1.51,20.71,3.67,4.48,256.8779602050781,42375100
2023-02-10,1.54,20.53,3.74,4.5,256.37127685546875,25818500
2023-02-13,1.55,20.34,3.72,4.52,264.3810729980469,44630900
2023-02-14,1.54,18.91,3.77,4.6,265.2093200683594,37047900
2023-02-15,1.54,18.23,3.81,4.62,263.08953857421875,28922400
2023-02-16,1.54,20.17,3.86,4.62,256.0854187011719,29603600
2023-02-17,1.57,20.02,3.82,4.6,252.09002685546875,30000100
2023-02-21,1.59,22.87,3.95,4.67,246.82470703125,28397400
2023-02-22,1.59,22.29,3.93,4.66,245.6915435791016,22491100
2023-02-23,1.59,21.14,3.88,4.66,248.87612915039065,29219100
2023-02-24,1.59,21.67,3.95,4.78,243.4544982910156,24990900
2023-02-27,1.59,20.95,3.92,4.78,244.372802734375,21190000
2023-02-28,1.6,20.7,3.92,4.81,243.64987182617188,22491000
2023-03-01,1.59,20.58,4.01,4.89,240.57276916503903,27565300
2023-03-02,1.58,19.59,4.08,4.89,245.30079650878903,24808200
2023-03-03,1.56,18.49,3.97,4.86,249.38409423828125,30760100
2023-03-06,1.54,18.61,3.98,4.89,250.9275360107422,24109800
2023-03-07,1.55,19.59,3.97,5.0,248.2704620361328,21473200
2023-03-08,1.58,19.11,3.98,5.05,247.83087158203125,17340200
2023-03-09,1.61,22.61,3.93,4.9,246.4828186035156,26653400
2023-03-10,1.69,24.8,3.7,4.6,242.83909606933597,28333900
2023-03-13,1.84,26.52,3.55,4.03,248.0458068847656,33339700
2023-03-14,1.83,23.73,3.64,4.2,254.7568817138672,33620300
2023-03-15,1.98,26.14,3.51,3.93,259.2992553710937,46028000
2023-03-16,1.96,22.99,3.56,4.14,269.8103332519531,54768800
2023-03-17,1.97,25.51,3.39,3.81,272.9655456542969,69527400
2023-03-20,1.96,24.15,3.47,3.92,265.9322204589844,43466600
2023-03-21,1.85,21.38,3.59,4.17,267.44635009765625,34558700
2023-03-22,1.83,22.26,3.48,3.96,265.9908142089844,34873300
2023-03-23,1.85,22.61,3.38,3.76,271.2366027832031,36610900
2023-03-24,1.88,21.74,3.38,3.76,274.07928466796875,28172000
2023-03-27,1.85,20.6,3.53,3.94,269.9862060546875,26840200
2023-03-28,1.86,19.97,3.55,4.02,268.86285400390625,21878600
2023-03-29,1.83,19.12,3.57,4.08,274.0206298828125,25087000
2023-03-30,1.8,19.02,3.55,4.1,277.478759765625,25053400
2023-03-31,1.77,18.7,3.48,4.06,281.6304016113281,32766000
2023-04-03,1.75,18.55,3.43,3.97,280.5852355957031,24883300
2023-04-04,1.76,19.0,3.35,3.84,280.5362854003906,25824300
2023-04-05,1.78,19.08,3.3,3.79,277.7620849609375,22064800
2023-04-06,1.79,18.4,3.3,3.82,284.85406494140625,29770300
2023-04-10,1.78,18.97,3.41,4.0,282.6952209472656,23103000
2023-04-11,1.76,19.1,3.43,4.03,276.2869873046875,27276600
2023-04-12,1.76,19.09,3.41,3.95,276.9317321777344,27403400
2023-04-13,1.75,17.8,3.45,3.96,283.1347961425781,24222700
2023-04-14,1.72,17.07,3.52,4.08,279.5204467773437,20987900
2023-04-17,1.7,16.95,3.6,4.18,282.11883544921875,23836200
2023-04-18,1.69,16.83,3.58,4.19,281.69879150390625,20161800
2023-04-19,1.69,16.46,3.6,4.24,281.7769775390625,17150300
2023-04-20,1.71,17.17,3.54,4.14,279.4910888671875,23244400
2023-04-21,1.7,16.77,3.57,4.17,279.14923095703125,21676400
2023-04-24,1.7,16.89,3.52,4.12,275.25152587890625,26611000
2023-04-25,1.73,18.76,3.4,3.86,269.0484619140625,45772200
2023-04-26,1.73,18.84,3.43,3.9,288.5368957519531,64599200
2023-04-27,1.71,17.03,3.53,4.07,297.7780456542969,46462600
2023-04-28,1.72,15.78,3.44,4.04,300.1517944335937,36469600
2023-05-01,1.73,16.08,3.59,4.14,298.4911499023437,21294100
2023-05-02,1.78,17.78,3.44,3.97,298.3446044921875,26404400
2023-05-03,1.79,18.34,3.38,3.89,297.3579406738281,22360800
2023-05-04,1.85,20.09,3.37,3.75,298.3446044921875,22519900
2023-05-05,1.83,17.19,3.44,3.92,303.4633483886719,28197100
2023-05-08,1.83,16.98,3.52,4.0,301.5096435546875,21318600
2023-05-09,1.83,17.71,3.53,4.01,299.8977966308594,21340800
2023-05-10,1.83,16.94,3.43,3.9,305.0849914550781,30078000
2023-05-11,1.83,16.93,3.39,3.89,302.93585205078125,31680200
2023-05-12,1.82,17.03,3.46,3.98,301.822265625,19774700
2023-05-15,1.83,17.12,3.5,3.99,302.3009033203125,16336500
2023-05-16,1.84,17.99,3.54,4.06,304.5281677246094,26730300
2023-05-17,1.83,16.87,3.57,4.12,307.40643310546875,24315000
2023-05-18,1.82,16.05,3.65,4.24,311.8315124511719,27276000
2023-05-19,1.79,16.81,3.7,4.28,311.6553039550781,27546700
2023-05-22,1.78,17.21,3.72,4.29,314.43560791015625,24115700
2023-05-23,1.78,18.53,3.7,4.26,308.6400146484375,30797200
2023-05-24,1.78,20.03,3.73,4.31,307.25958251953125,23384900
2023-05-25,1.75,19.14,3.83,4.5,319.0761413574219,43301700
2023-05-26,1.74,17.95,3.8,4.54,325.8997802734375,36630600
2023-05-30,1.74,17.46,3.69,4.46,324.2550048828125,29503100
2023-05-31,1.76,17.94,3.64,4.4,321.4942626953125,45950600
2023-06-01,1.76,15.65,3.61,4.33,325.5962219238281,26773900
2023-06-02,1.73,14.6,3.69,4.5,328.3570861816406,25873800
2023-06-05,1.73,14.73,3.69,4.46,328.8857421875,21307100
2023-06-06,1.73,13.96,3.7,4.51,326.6732177734375,20396200
2023-06-07,1.73,13.94,3.79,4.56,316.5894775390625,40717100
2023-06-08,1.74,13.65,3.73,4.52,318.4299621582031,23277700
2023-06-09,1.73,13.83,3.75,4.59,319.92791748046875,22529000
2023-06-12,1.74,15.01,3.73,4.55,324.881591796875,24260300
2023-06-13,1.71,14.61,3.84,4.67,327.2704162597656,22951300
2023-06-14,1.7,13.88,3.83,4.74,330.2562866210937,26003800
2023-06-15,1.7,14.5,3.72,4.62,340.7904052734375,38899100
2023-06-16,1.67,13.54,3.77,4.7,335.1415405273437,46552000
2023-06-20,1.66,13.88,3.74,4.68,330.9514465332031,26375400
2023-06-21,1.67,13.2,3.72,4.68,326.55572509765625,25117800
2023-06-22,1.66,12.91,3.8,4.77,332.5765380859375,23556800
2023-06-23,1.67,13.44,3.74,4.71,327.98504638671875,23146900
2023-06-26,1.67,14.25,3.72,4.65,321.6998596191406,21520600
2023-06-27,1.66,13.74,3.77,4.74,327.5444641113281,24354100
2023-06-28,1.65,13.43,3.71,4.71,328.797607421875,20259500
2023-06-29,1.62,13.54,3.85,4.87,328.014404296875,16997000
2023-06-30,1.61,13.59,3.81,4.87,333.3891296386719,26832800
2023-07-03,1.6,13.57,3.86,4.94,330.89263916015625,12508700
2023-07-05,1.58,14.18,3.95,4.94,331.04931640625,18172400
2023-07-06,1.59,15.44,4.05,4.99,334.10382080078125,28161200
2023-07-07,1.58,14.83,4.06,4.94,330.1388244628906,21214800
2023-07-10,1.59,15.07,4.01,4.85,324.86199951171875,32791400
2023-07-11,1.58,14.84,3.99,4.88,325.4886169433594,26698200
2023-07-12,1.56,13.54,3.86,4.72,330.1192626953125,29995300
2023-07-13,1.56,13.61,3.76,4.59,335.464599609375,20567200
2023-07-14,1.57,13.34,3.83,4.74,337.99041748046875,28352700
2023-07-17,1.58,13.48,3.81,4.74,338.47021484375,20363900
2023-07-18,1.58,13.3,3.8,4.74,351.941162109375,64738600
2023-07-19,1.57,13.76,3.75,4.74,347.6237487792969,39732900
2023-07-20,1.56,13.99,3.85,4.8,339.5861511230469,33778400
2023-07-21,1.55,13.6,3.84,4.82,336.5513000488281,69405400
2023-07-24,1.53,13.91,3.86,4.81,337.8631896972656,26678100
2023-07-25,1.52,13.86,3.91,4.85,343.60992431640625,41637700
2023-07-26,1.52,13.19,3.86,4.82,330.6772766113281,58383700
2023-07-27,1.48,14.41,4.01,4.91,323.7752685546875,39635300
2023-07-28,1.48,13.33,3.96,4.87,331.2646789550781,28484900
2023-07-31,1.47,13.63,3.97,4.88,328.8661804199219,25446000
2023-08-01,1.47,13.93,4.05,4.92,329.27734375,18311900
2023-08-02,1.5,16.09,4.08,4.88,320.6228942871094,27761300
2023-08-03,1.51,15.92,4.2,4.9,319.800537109375,18253700
2023-08-04,1.51,17.1,4.05,4.78,320.8971252441406,23741500
2023-08-07,1.51,15.77,4.09,4.76,323.1781311035156,17741500
2023-08-08,1.52,15.99,4.02,4.74,319.2033996582031,22327600
2023-08-09,1.52,15.96,4.0,4.79,315.4635925292969,22373300
2023-08-10,1.51,15.85,4.09,4.82,316.1488952636719,20113700
2023-08-11,1.51,14.84,4.16,4.89,314.26922607421875,24355500
2023-08-14,1.51,14.82,4.19,4.96,317.235595703125,18836100
2023-08-15,1.52,16.46,4.21,4.92,315.10137939453125,16966300
2023-08-16,1.53,16.78,4.28,4.97,314.3361511230469,20698900
2023-08-17,1.55,17.89,4.3,4.94,310.8827819824219,21257200
2023-08-18,1.56,17.3,4.26,4.92,310.4903564453125,24755000
2023-08-21,1.55,17.13,4.34,4.97,315.78814697265625,24040000
2023-08-22,1.54,16.97,4.34,5.02,316.3571472167969,16084600
2023-08-23,1.54,15.98,4.19,4.95,320.81121826171875,21166400
2023-08-24,1.52,17.2,4.23,4.98,313.914306640625,23281400
2023-08-25,1.51,15.68,4.25,5.03,316.86737060546875,21684100
2023-08-28,1.51,15.08,4.2,4.98,317.5736694335937,14808500
2023-08-29,1.51,14.45,4.12,4.87,322.194580078125,19284600
2023-08-30,1.51,13.88,4.12,4.9,322.5674133300781,15222100
2023-08-31,1.51,13.57,4.09,4.85,321.5568542480469,26411000
2023-09-01,1.51,13.09,4.18,4.87,322.4398193359375,14942000
2023-09-05,1.51,14.01,4.27,4.94,327.2372436523437,18553900
2023-09-06,1.52,14.45,4.3,5.01,326.5799560546875,17535800
2023-09-07,1.52,14.4,4.27,4.94,323.6661071777344,18381000
2023-09-08,1.51,13.84,4.26,4.98,327.94366455078125,19530100
2023-09-11,1.51,13.8,4.29,4.97,331.544189453125,16583300
2023-09-12,1.52,14.23,4.27,4.98,325.490966796875,17565500
2023-09-13,1.53,13.48,4.25,4.96,329.69976806640625,16544400
2023-09-14,1.51,12.82,4.29,5.0,332.2897644042969,20267000
2023-09-15,1.51,13.79,4.33,5.02,323.97027587890625,37679800
2023-09-18,1.51,14.0,4.32,5.05,322.8323059082031,16834200
2023-09-19,1.5,14.11,4.37,5.08,322.42999267578125,16505900
2023-09-20,1.48,15.14,4.35,5.12,314.6991271972656,21436500
2023-09-21,1.48,17.54,4.49,5.12,313.4826354980469,35560400
2023-09-22,1.48,17.2,4.44,5.1,311.0102844238281,21447900
2023-09-25,1.47,16.9,4.55,5.09,311.5303039550781,17836000
2023-09-26,1.48,18.94,4.56,5.04,306.23248291015625,26297600
2023-09-27,1.49,18.22,4.61,5.1,306.87017822265625,19410100
2023-09-28,1.51,17.34,4.59,5.04,307.7041015625,19683600
2023-09-29,1.51,17.52,4.59,5.03,309.77410888671875,24147300
2023-10-02,1.54,17.61,4.69,5.12,315.7095947265625,20570000
2023-10-03,1.57,19.78,4.81,5.15,307.45880126953125,21033500
2023-10-04,1.58,18.58,4.73,5.05,312.92340087890625,20720100
2023-10-05,1.59,18.49,4.72,5.03,313.3158264160156,16965600
2023-10-06,1.58,17.45,4.78,5.08,321.0663452148437,25673600
2023-10-09,1.58,17.7,4.78,5.08,323.577880859375,19891200
2023-10-10,1.58,17.03,4.66,4.96,322.1749267578125,20557100
2023-10-11,1.57,16.09,4.58,4.99,326.1286926269531,20063200
2023-10-12,1.56,16.69,4.7,5.06,324.8925476074219,19313100
2023-10-13,1.57,19.32,4.63,5.04,321.5274658203125,21072400
2023-10-16,1.56,17.21,4.71,5.09,326.34454345703125,22158000
2023-10-17,1.56,17.88,4.83,5.19,325.7754821777344,18338500
2023-10-18,1.58,19.22,4.91,5.19,323.86236572265625,23153600
2023-10-19,1.6,21.4,4.98,5.14,325.0494689941406,25052100
2023-10-20,1.63,21.71,4.93,5.07,320.487548828125,25027700
2023-10-23,1.63,20.37,4.86,5.05,323.08740234375,24374700
2023-10-24,1.6,18.97,4.83,5.02,324.2744445800781,31153600
2023-10-25,1.59,20.19,4.95,5.08,334.2225341796875,55053800
2023-10-26,1.6,20.68,4.86,5.02,321.6844177246094,37828500
2023-10-27,1.61,21.27,4.84,4.99,323.5680236816406,29856500
2023-10-30,1.62,19.75,4.88,5.03,330.92608642578125,22828100
2023-10-31,1.62,18.14,4.88,5.07,331.7109680175781,20265300
2023-11-01,1.63,16.87,4.77,4.95,339.52032470703125,28158800
2023-11-02,1.59,15.66,4.67,4.98,341.72772216796875,24348100
2023-11-03,1.58,14.91,4.57,4.83,346.1229553222656,23637700
2023-11-06,1.58,14.89,4.67,4.93,349.7823791503906,23828300
2023-11-07,1.58,14.81,4.58,4.91,353.7066345214844,25833900
2023-11-08,1.58,14.45,4.49,4.93,356.3261108398437,26767800
2023-11-09,1.56,15.29,4.62,5.03,353.8636779785156,24847300
2023-11-10,1.56,14.17,4.61,5.04,362.6736450195313,28042100
2023-11-13,1.55,14.76,4.63,5.02,359.7402648925781,19986500
2023-11-14,1.52,14.16,4.44,4.8,363.2623291015625,27683900
2023-11-15,1.51,14.18,4.53,4.9,363.4098205566406,26860100
2023-11-16,1.5,14.32,4.45,4.83,369.7997741699219,27182300
2023-11-17,1.48,13.8,4.44,4.88,363.5867309570313,40157000
2023-11-20,1.46,13.41,4.42,4.89,371.0482177734375,52465100
2023-11-21,1.46,13.35,4.41,4.86,366.7522277832031,28423100
2023-11-22,1.43,12.85,4.42,4.89,371.4512634277344,23345300
2023-11-24,1.42,12.46,4.47,4.92,371.0382995605469,10176600
2023-11-27,1.41,12.69,4.39,4.84,372.1983947753906,22179200
2023-11-28,1.41,12.69,4.34,4.73,376.2191467285156,20453100
2023-11-29,1.38,12.98,4.27,4.64,372.4342956542969,28963400
2023-11-30,1.39,12.92,4.37,4.73,372.4933166503906,30554400
2023-12-01,1.39,12.63,4.22,4.56,368.1677856445313,33040500
2023-12-04,1.38,13.08,4.28,4.64,362.8887634277344,32063300
2023-12-05,1.39,12.85,4.18,4.57,366.2115173339844,23065000
2023-12-06,1.4,12.97,4.12,4.6,362.5544738769531,21182100
2023-12-07,1.39,13.06,4.14,4.58,364.6680908203125,23118900
2023-12-08,1.38,12.35,4.23,4.71,367.892578125,20154400
2023-12-11,1.38,12.63,4.23,4.71,365.0121765136719,27708800
2023-12-12,1.36,12.07,4.2,4.73,368.0400390625,24838300
2023-12-13,1.35,12.19,4.04,4.46,368.0301208496094,30955500
2023-12-14,1.31,12.48,3.92,4.37,359.73309326171875,43277500
2023-12-15,1.31,12.28,3.91,4.44,364.4518432617188,78502300
2023-12-18,1.31,12.56,3.95,4.43,366.33929443359375,21802900
2023-12-19,1.32,12.53,3.93,4.41,366.9390258789063,20603700
2023-12-20,1.33,13.67,3.86,4.34,364.34368896484375,26316700
2023-12-21,1.33,13.65,3.89,4.33,367.2142639160156,17708000
2023-12-22,1.33,13.03,3.9,4.31,368.2366027832031,17107500
2023-12-26,1.32,12.99,3.89,4.26,368.3152465820313,12673100
2023-12-27,1.31,12.43,3.79,4.2,367.73529052734375,14905400
2023-12-28,1.29,12.47,3.84,4.26,368.9248046875,14327000
2023-12-29,1.29,12.45,3.88,4.23,369.671875,18730800
2024-01-02,1.31,13.2,3.95,4.33,364.5894470214844,25258600
2024-01-03,1.34,14.04,3.91,4.33,364.3240661621094,23083500
2024-01-04,1.34,14.13,3.99,4.38,361.7091064453125,20901500
2024-01-05,1.33,13.35,4.05,4.4,361.5223083496094,21004600
2024-01-08,1.32,13.08,4.01,4.36,368.3447570800781,23134000
2024-01-09,1.3,12.76,4.02,4.36,369.4261474609375,20830000
2024-01-10,1.28,12.69,4.04,4.37,376.2879028320313,25514200
2024-01-11,1.27,12.44,3.98,4.26,378.1165161132813,27850800
2024-01-12,1.26,12.7,3.96,4.14,381.8913879394531,21661200
2024-01-16,1.26,13.84,4.07,4.22,383.6609497070313,27202300
2024-01-17,1.26,14.79,4.1,4.34,382.87445068359375,22234100
2024-01-18,1.24,14.13,4.14,4.34,387.1999206542969,23392100
2024-01-19,1.24,13.3,4.15,4.39,391.9186401367188,29331100
2024-01-22,1.24,13.19,4.11,4.37,389.7952575683594,27016900
2024-01-23,1.24,12.55,4.14,4.31,392.1448059082031,20525900
2024-01-24,1.23,13.14,4.18,4.34,395.7428283691406,24867000
2024-01-25,1.22,13.45,4.14,4.28,398.01373291015625,21021200
2024-01-26,1.21,13.26,4.15,4.34,397.0896301269531,17803300
2024-01-29,1.22,13.6,4.08,4.29,402.7815246582031,24510200
2024-01-30,1.23,13.31,4.06,4.36,401.670654296875,33477600
2024-01-31,1.26,14.35,3.99,4.27,390.84710693359375,47871100
2024-02-01,1.28,13.88,3.87,4.2,396.9421691894531,30657700
2024-02-02,1.25,13.85,4.03,4.36,404.2561950683594,28256700
2024-02-05,1.24,13.67,4.17,4.46,398.7804870605469,25352300
2024-02-06,1.24,13.06,4.09,4.39,398.6231384277344,18382600
2024-02-07,1.24,12.83,4.09,4.41,407.0381774902344,22340500
2024-02-08,1.23,12.79,4.15,4.46,407.09716796875,21225300
2024-02-09,1.24,12.93,4.17,4.48,413.4281311035156,22032800
2024-02-12,1.24,13.93,4.17,4.46,408.2277526855469,21202900
2024-02-13,1.22,15.85,4.31,4.64,399.4391479492188,27824900
2024-02-14,1.22,14.38,4.27,4.56,403.2998046875,20401200
2024-02-15,1.2,14.01,4.24,4.56,400.4141845703125,21825500
2024-02-16,1.19,14.24,4.3,4.64,397.9519348144531,22296500
2024-02-20,1.19,15.42,4.27,4.59,396.7011413574219,24307900
2024-02-21,1.18,15.34,4.32,4.64,396.1004028320313,18518900
2024-02-22,1.16,14.54,4.33,4.69,405.42724609375,27009900
2024-02-23,1.18,13.75,4.26,4.67,404.1370239257813,16295900
2024-02-26,1.2,13.74,4.28,4.69,401.3793640136719,16193500
2024-02-27,1.2,13.43,4.31,4.7,401.32025146484375,14835800
2024-02-28,1.22,13.84,4.27,4.64,401.556640625,13183100
2024-02-29,1.24,13.4,4.25,4.64,407.3871154785156,31947300
2024-03-01,1.25,13.11,4.19,4.54,409.2190246582031,17823400
2024-03-04,1.24,13.49,4.22,4.61,408.6478271484375,17596000
2024-03-05,1.25,14.46,4.13,4.54,396.5632019042969,26919200
2024-03-06,1.25,14.5,4.11,4.55,396.0117492675781,22344100
2024-03-07,1.24,14.44,4.09,4.5,402.9551696777344,18718500
2024-03-08,1.23,14.74,4.09,4.48,400.0793151855469,18002200
2024-03-11,1.23,15.22,4.1,4.51,398.405029296875,16120800
2024-03-12,1.21,13.84,4.16,4.58,409.0023193359375,22457000
2024-03-13,1.19,13.75,4.19,4.61,408.8251037597656,17115900
2024-03-14,1.17,14.4,4.29,4.68,418.7921142578125,34157300
2024-03-15,1.17,14.41,4.31,4.72,410.1251220703125,45079900
2024-03-18,1.15,14.33,4.34,4.73,411.011474609375,20106000
2024-03-19,1.15,13.82,4.3,4.68,415.0397338867188,19837900
2024-03-20,1.16,13.04,4.27,4.59,418.8019409179688,17860100
2024-03-21,1.14,12.92,4.27,4.62,422.8793640136719,21296200
2024-03-22,1.15,13.06,4.22,4.59,422.25885009765625,17648500
2024-03-25,1.15,13.19,4.25,4.54,416.4677429199219,18060500
2024-03-26,1.16,13.24,4.24,4.56,415.2760314941406,16725600
2024-03-27,1.16,12.78,4.2,4.54,415.0593566894531,16705000
2024-03-28,1.15,13.01,4.2,4.59,414.360107421875,21871200
2024-04-01,1.16,13.65,4.33,4.72,418.1519165039063,16316000
2024-04-02,1.16,14.61,4.36,4.7,415.0692443847656,17912000
2024-04-03,1.14,14.33,4.36,4.68,414.0942077636719,16502300
2024-04-04,1.15,16.35,4.31,4.65,411.5631103515625,19370900
2024-04-05,1.14,16.03,4.39,4.73,419.0875549316406,16554800
2024-04-08,1.13,15.19,4.42,4.78,418.171630859375,14272400
2024-04-09,1.13,14.98,4.36,4.74,419.8360595703125,12496900
2024-04-10,1.11,15.8,4.55,4.97,416.8617248535156,16216600
2024-04-11,1.11,14.91,4.56,4.93,421.4610900878906,17966400
2024-04-12,1.13,17.31,4.5,4.88,415.5222473144531,19253800
2024-04-15,1.15,19.23,4.63,4.93,407.3871154785156,20273500
2024-04-16,1.17,18.4,4.67,4.97,408.3128662109375,16765600
2024-04-17,1.17,18.21,4.59,4.93,405.61431884765625,15855500
2024-04-18,1.17,18.0,4.64,4.98,398.1587829589844,21029900
2024-04-19,1.17,18.71,4.62,4.97,393.0866088867188,30565800
2024-04-22,1.16,16.94,4.62,4.97,394.8987731933594,20286900
2024-04-23,1.14,15.69,4.61,4.86,401.4089050292969,15734500
2024-04-24,1.14,15.97,4.65,4.89,402.8763122558594,15065300
2024-04-25,1.14,15.37,4.7,4.96,393.00787353515625,40586500
2024-04-26,1.13,15.03,4.67,4.96,400.1778259277344,29694700
2024-04-29,1.12,14.67,4.63,4.97,396.1693115234375,19582100
2024-04-30,1.14,15.65,4.69,5.04,383.4446105957031,28781400
2024-05-01,1.14,15.39,4.63,4.96,388.9698486328125,23562500
2024-05-02,1.13,14.68,4.58,4.87,391.8259887695313,17709400
2024-05-03,1.11,13.49,4.5,4.81,400.5126647949219,17446700
2024-05-06,1.1,13.49,4.49,4.82,407.2886657714844,16996600
2024-05-07,1.1,13.23,4.47,4.82,403.152099609375,20018200
2024-05-08,1.11,13.0,4.48,4.84,404.333984375,11792300
2024-05-09,1.11,12.69,4.45,4.8,406.0871276855469,14689700
2024-05-10,1.12,12.55,4.5,4.87,408.4705200195313,13402300
2024-05-13,1.12,13.6,4.48,4.85,407.4659118652344,15440200
2024-05-14,1.12,13.42,4.45,4.81,410.2629699707031,15109300
2024-05-15,1.12,12.45,4.36,4.73,417.43603515625,22239500
2024-05-16,1.11,12.42,4.38,4.78,415.3738403320313,17530100
2024-05-17,1.11,11.99,4.42,4.83,414.6042785644531,15352200
2024-05-20,1.1,12.15,4.44,4.82,419.6658630371094,16272100
2024-05-21,1.1,11.86,4.41,4.82,423.3164978027344,21453300
2024-05-22,1.11,12.29,4.43,4.86,424.7767639160156,18073700
2024-05-23,1.1,12.77,4.47,4.91,421.3036804199219,17211700
2024-05-24,1.1,11.93,4.46,4.93,424.4215698242188,11855300
2024-05-28,1.09,12.92,4.54,4.94,424.5794677734375,15718000
2024-05-29,1.09,14.28,4.61,4.96,423.44482421875,15517100
2024-05-30,1.09,14.47,4.55,4.92,409.1382751464844,28394500
2024-05-31,1.1,12.92,4.51,4.89,409.5920715332031,47995300
2024-06-03,1.1,13.11,4.41,4.82,408.0035095214844,17484700
2024-06-04,1.11,13.16,4.33,4.77,410.51953125,14348900
2024-06-05,1.13,12.63,4.29,4.72,418.35357666015625,16988000
2024-06-06,1.13,12.58,4.28,4.72,418.8567810058594,14861300
2024-06-07,1.12,12.22,4.43,4.87,418.1957702636719,13621700
2024-06-10,1.12,12.74,4.47,4.87,422.162109375,13982900
2024-06-11,1.12,12.85,4.39,4.81,426.9079284667969,14551100
2024-06-12,1.12,12.04,4.31,4.75,435.1761779785156,22366200
2024-06-13,1.14,11.94,4.24,4.68,435.6892395019531,15960600
2024-06-14,1.17,12.66,4.2,4.67,436.6660461425781,13582000
2024-06-17,1.17,12.75,4.28,4.75,442.388671875,20790000
2024-06-18,1.17,12.3,4.22,4.69,440.3857116699219,17112500
2024-06-20,1.18,13.28,4.25,4.7,439.7543029785156,19877400
2024-06-21,1.18,13.2,4.25,4.7,443.7798461914063,34187100
2024-06-24,1.18,13.33,4.25,4.71,441.697998046875,15913700
2024-06-25,1.18,12.84,4.23,4.65,444.9342041015625,16413400
2024-06-26,1.18,12.55,4.32,4.71,446.1281127929688,16507000
2024-06-27,1.18,12.24,4.29,4.7,446.8088989257813,14806300
2024-06-28,1.17,12.44,4.36,4.71,440.9876403808594,28362300
2024-07-01,1.16,12.22,4.48,4.77,450.63714599609375,17662800
2024-07-02,1.15,12.03,4.43,4.74,453.153076171875,13979800
2024-07-03,1.15,12.09,4.36,4.71,454.6231689453125,9932800
2024-07-05,1.15,12.48,4.28,4.6,461.3226318359375,16000300
2024-07-08,1.14,12.37,4.28,4.62,460.0202331542969,12962300
2024-07-09,1.14,12.51,4.3,4.62,453.40966796875,17207200
2024-07-10,1.14,12.85,4.28,4.62,460.0301208496094,18196100
2024-07-11,1.15,12.92,4.2,4.5,448.63421630859375,23111200
2024-07-12,1.14,12.46,4.18,4.45,447.4995422363281,16324300
2024-07-15,1.14,13.12,4.23,4.44,447.9040832519531,14429400
2024-07-16,1.14,13.19,4.17,4.43,443.5233154296875,17175700
2024-07-17,1.15,14.48,4.16,4.42,437.6033935546875,21778000
2024-07-18,1.15,15.93,4.2,4.46,434.4953918457031,20794800
2024-07-19,1.15,16.52,4.25,4.49,431.2788391113281,20940400
2024-07-22,1.15,14.91,4.26,4.5,437.0310668945313,15808800
2024-07-23,1.15,14.72,4.25,4.4,438.9156188964844,13107100
2024-07-24,1.18,18.04,4.28,4.37,423.1784057617188,26805800
2024-07-25,1.17,18.46,4.27,4.41,412.8184509277344,29943800
2024-07-26,1.17,16.39,4.2,4.36,419.5967712402344,23583800
2024-07-29,1.17,16.6,4.17,4.36,421.037353515625,15125800
2024-07-30,1.18,17.69,4.15,4.35,417.2781372070313,32687600
2024-07-31,1.2,16.36,4.09,4.29,412.7691040039063,42891400
2024-08-01,1.23,18.59,3.99,4.16,411.545654296875,30296400
2024-08-02,1.3,23.39,3.8,3.88,403.0406494140625,29437900
2024-08-05,1.37,38.57,3.78,3.89,389.8786010742188,40709200
2024-08-06,1.32,27.71,3.9,3.99,394.2790832519531,24946500
2024-08-07,1.31,27.85,3.96,4.0,393.1148376464844,20650900
2024-08-08,1.29,23.79,3.99,4.04,397.3180541992188,20203000
2024-08-09,1.28,20.37,3.94,4.05,400.6036071777344,19276700
2024-08-12,1.29,20.71,3.9,4.01,401.3830871582031,16762900
2024-08-13,1.28,18.12,3.85,3.93,408.4870300292969,19414300
2024-08-14,1.26,16.19,3.83,3.94,411.2990112304688,18267000
2024-08-15,1.22,15.23,3.92,4.08,416.1620788574219,20752100
2024-08-16,1.21,14.8,3.89,4.06,413.6316833496094,22775600
2024-08-19,1.21,14.65,3.86,4.06,416.6563720703125,15234000
2024-08-20,1.22,15.88,3.82,3.99,419.8884887695313,16387600
2024-08-21,1.22,16.27,3.79,3.92,419.2361145019531,16067300
2024-08-22,1.21,17.55,3.86,3.99,410.7454833984375,19361900
2024-08-23,1.2,15.86,3.81,3.9,411.9711608886719,18493800
2024-08-26,1.19,16.15,3.82,3.91,408.7092895507813,13152800
2024-08-27,1.19,15.43,3.83,3.83,409.0552062988281,13492900
2024-08-28,1.19,17.11,3.84,3.83,405.8527221679688,14882700
2024-08-29,1.19,15.65,3.87,3.87,408.3435668945313,17045200
2024-08-30,1.18,15.0,3.91,3.91,412.3171081542969,24308300
2024-09-03,1.22,20.72,3.84,3.88,404.70611572265625,20313600
2024-09-04,1.23,21.32,3.77,3.76,404.1723327636719,15135800
2024-09-05,1.23,19.9,3.73,3.75,403.6682434082031,14195500
2024-09-06,1.24,22.38,3.72,3.66,397.05560302734375,19609500
2024-09-09,1.23,19.45,3.7,3.68,401.0291137695313,15295100
2024-09-10,1.25,19.08,3.65,3.59,409.4111328125,19594300
2024-09-11,1.25,17.69,3.65,3.62,418.1488342285156,19266900
2024-09-12,1.24,17.07,3.68,3.64,422.0630493164063,17395700
2024-09-13,1.23,16.56,3.66,3.57,425.6115417480469,15874600
2024-09-16,1.22,17.14,3.63,3.56,426.3528747558594,13834700
2024-09-17,1.2,17.61,3.65,3.59,430.1188354492188,18874200
2024-09-18,1.19,18.23,3.7,3.61,425.8290710449219,18898000
2024-09-19,1.16,16.33,3.73,3.59,433.617919921875,21706600
2024-09-20,1.17,16.15,3.73,3.55,430.2374877929688,55167100
2024-09-23,1.16,15.89,3.75,3.57,428.4978332519531,15128900
2024-09-24,1.15,15.39,3.74,3.49,424.2080383300781,17015800
2024-09-25,1.15,15.41,3.79,3.53,427.1139831542969,13396400
2024-09-26,1.15,15.37,3.79,3.6,426.3232421875,14492000
2024-09-27,1.15,16.96,3.75,3.55,423.07122802734375,14896100
2024-09-30,1.16,16.73,3.81,3.66,425.3249206542969,16807300
2024-10-01,1.16,19.26,3.74,3.61,415.8260498046875,19092900
2024-10-02,1.15,18.9,3.79,3.63,412.3071899414063,16582300
2024-10-03,1.13,20.49,3.85,3.7,411.7240295410156,13686400
2024-10-04,1.1,19.21,3.98,3.93,411.2495422363281,19169700
2024-10-07,1.09,22.64,4.03,3.99,404.8049621582031,20919800
2024-10-08,1.09,21.42,4.04,3.98,409.9151611328125,19229300
2024-10-09,1.08,20.86,4.06,3.99,412.6333618164063,14974300
2024-10-10,1.07,20.93,4.09,3.98,411.03216552734375,13848400
2024-10-11,1.06,20.46,4.08,3.95,411.506591796875,14144900
2024-10-14,1.06,19.7,4.08,3.95,414.29400634765625,16653100
2024-10-15,1.05,20.64,4.03,3.95,413.8986206054688,18900200
2024-10-16,1.05,19.58,4.02,3.93,411.3088684082031,15508900
2024-10-17,1.04,19.11,4.09,3.96,411.9019165039063,14820000
2024-10-18,1.05,18.03,4.08,3.95,413.3252868652344,17145300
2024-10-21,1.07,18.37,4.19,4.02,413.9381103515625,14206100
2024-10-22,1.07,18.2,4.2,4.03,422.5671997070313,25482200
2024-10-23,1.08,19.24,4.24,4.07,419.69085693359375,19654400
2024-10-24,1.08,19.08,4.21,4.07,419.8193359375,13581600
2024-10-25,1.07,20.33,4.25,4.11,423.1997985839844,16899100
2024-10-28,1.06,19.8,4.28,4.12,421.6578369140625,14882400
2024-10-29,1.06,19.34,4.28,4.11,426.9559020996094,17644100
2024-10-30,1.06,20.35,4.29,4.15,427.5291748046875,29749100
2024-10-31,1.08,23.16,4.28,4.16,401.6518249511719,53971000
2024-11-01,1.07,21.88,4.37,4.21,405.6253662109375,24230400
2024-11-04,1.07,21.98,4.31,4.17,403.7374572753906,19672300
2024-11-05,1.06,20.49,4.26,4.19,406.7027587890625,17626000
2024-11-06,1.01,16.27,4.42,4.27,415.3219299316406,26681800
2024-11-07,0.99,15.2,4.31,4.21,420.51123046875,19901800
2024-11-08,0.98,14.94,4.3,4.26,417.6546630859375,16891400
2024-11-11,0.98,14.97,4.3,4.26,413.177001953125,24503300
2024-11-12,0.97,14.71,4.43,4.34,418.1390075683594,19401200
2024-11-13,0.99,14.02,4.44,4.27,420.2839050292969,21502200
2024-11-14,1.0,14.31,4.43,4.34,421.9543762207031,30246900
2024-11-15,1.01,16.14,4.43,4.31,410.2018432617188,28247600
2024-11-18,1.0,15.58,4.42,4.29,410.95306396484375,24727000
2024-11-19,1.0,16.35,4.39,4.27,412.9595642089844,18133500
2024-11-20,1.01,17.16,4.41,4.31,410.6861572265625,19191700
2024-11-21,1.01,16.87,4.43,4.34,408.913330078125,20780200
2024-11-22,1.0,15.24,4.41,4.37,413.0037536621094,24814600
2024-11-25,1.0,14.6,4.27,4.21,414.7765808105469,27691100
2024-11-26,1.01,14.1,4.3,4.21,423.8883972167969,23458900
2024-11-27,1.02,14.1,4.25,4.19,418.9363403320313,18332400
2024-11-29,1.02,13.51,4.18,4.13,419.4018249511719,16271900
2024-12-02,1.01,13.34,4.19,4.17,426.8498229980469,20207200
2024-12-03,1.0,13.3,4.23,4.17,427.0676574707031,18302000
2024-12-04,1.01,13.45,4.19,4.13,433.22802734375,26009400
2024-12-05,1.01,13.54,4.17,4.15,438.3782348632813,21697800
2024-12-06,1.02,12.77,4.15,4.1,439.3191528320313,18821000
2024-12-09,1.01,14.19,4.2,4.13,441.7456665039063,19144400
2024-12-10,1.0,14.18,4.22,4.15,439.0813598632813,18469500
2024-12-11,0.98,13.58,4.26,4.15,444.6871948242188,19200200
2024-12-12,0.99,13.92,4.32,4.18,445.2516784667969,20834800
2024-12-13,0.98,13.81,4.4,4.25,442.983642578125,20177800
2024-12-16,0.98,14.69,4.39,4.25,447.2622680664063,23598800
2024-12-17,0.99,15.87,4.4,4.25,450.104736328125,22733500
2024-12-18,0.98,27.62,4.5,4.35,433.1983337402344,24444500
2024-12-19,1.02,24.09,4.57,4.32,432.8417663574219,22963700
2024-12-20,1.02,18.36,4.52,4.3,432.4158935546875,64263700
2024-12-23,1.02,16.78,4.59,4.3,431.0788269042969,19152500
2024-12-24,1.01,14.27,4.59,4.29,435.1197204589844,7164500
2024-12-26,1.0,14.73,4.58,4.3,433.9114074707031,8194200
2024-12-27,1.0,15.95,4.62,4.31,426.4040832519531,18117700
2024-12-30,1.01,17.4,4.55,4.24,420.7586669921875,13158700
2024-12-31,1.02,17.35,4.58,4.25,417.4606018066406,13246500
2025-01-02,1.02,17.93,4.57,4.25,414.5685729980469,16896500
2025-01-03,1.02,16.13,4.6,4.28,419.2928771972656,16662900
2025-01-06,1.03,16.04,4.62,4.28,423.749755859375,20573600
2025-01-07,1.04,17.82,4.67,4.3,418.3222961425781,18139100
2025-01-08,1.03,17.7,4.67,4.28,420.4913330078125,15054600
2025-01-10,1.03,19.54,4.77,4.4,414.93505859375,20201100
2025-01-13,1.04,19.19,4.79,4.4,413.1919250488281,17604800
2025-01-14,1.04,18.71,4.78,4.37,411.6864929199219,16935900
2025-01-15,1.03,16.12,4.66,4.27,422.2245178222656,19637800
2025-01-16,1.03,16.6,4.61,4.23,420.5110778808594,15300000
2025-01-17,1.02,15.97,4.61,4.27,424.91845703125,26197500
2025-01-21,1.02,15.06,4.57,4.29,424.3935546875,26085700
2025-01-22,1.01,15.1,4.6,4.29,441.9239196777344,27803800
2025-01-23,1.0,15.02,4.65,4.29,442.4290161132813,18389300
2025-01-24,1.0,14.85,4.63,4.27,439.8044128417969,15549500
2025-01-27,1.01,17.9,4.53,4.17,430.39544677734375,35647800
2025-01-28,1.0,16.41,4.55,4.19,442.914306640625,23491700
2025-01-29,1.01,16.56,4.55,4.21,438.0910034179688,23581400
2025-01-30,1.01,15.84,4.52,4.18,411.0130004882813,54586300
2025-01-31,1.02,16.43,4.58,4.22,411.0823364257813,34161900
2025-02-03,1.03,18.62,4.54,4.26,406.9820556640625,25679100
2025-02-04,1.03,17.21,4.52,4.21,408.4180908203125,20532100
2025-02-05,1.03,15.77,4.43,4.17,409.3293151855469,16316700
2025-02-06,1.04,15.5,4.45,4.21,411.8350524902344,16309800
2025-02-07,1.04,16.54,4.49,4.29,405.8232116699219,22886800
2025-02-10,1.04,15.81,4.51,4.28,408.2695617675781,20817900
2025-02-11,1.03,16.02,4.54,4.29,407.4970397949219,18140600
2025-02-12,1.01,15.89,4.62,4.36,405.1199951171875,19121700
2025-02-13,1.0,15.1,4.52,4.31,406.6056213378906,23891700
2025-02-14,1.0,14.77,4.47,4.26,404.515869140625,22758500
2025-02-18,0.98,15.35,4.55,4.29,405.7142639160156,21423100
2025-02-19,0.99,15.27,4.53,4.28,410.7950744628906,24114200
2025-02-20,0.99,15.66,4.5,4.28,412.968505859375,23508700
2025-02-21,1.01,18.21,4.42,4.19,405.108642578125,27524800
2025-02-24,1.01,18.98,4.4,4.13,400.93060302734375,26443700
2025-02-25,1.03,19.43,4.3,4.07,394.876953125,29387400
2025-02-26,1.04,19.1,4.25,4.05,396.6930847167969,19619000
2025-02-27,1.05,21.13,4.29,4.07,389.5477600097656,21127400
2025-02-28,1.09,19.63,4.24,3.99,393.973876953125,32845700
2025-03-03,1.1,22.78,4.16,3.96,385.5384521484375,23007700
2025-03-04,1.11,23.51,4.22,3.96,385.6575317382813,29342900
2025-03-05,1.08,21.93,4.28,3.99,397.9732666015625,23433100
2025-03-06,1.09,24.87,4.29,3.96,393.8746643066406,23304600
2025-03-07,1.1,23.37,4.32,3.99,390.3218688964844,22034100
2025-03-10,1.13,27.86,4.22,3.89,377.2717590332031,32840100
2025-03-11,1.16,26.92,4.28,3.94,377.5595397949219,30380200
2025-03-12,1.17,24.23,4.32,4.01,380.3581237792969,24253600
2025-03-13,1.2,24.66,4.27,3.94,375.892333984375,20473000
2025-03-14,1.16,21.77,4.31,4.02,385.60791015625,19952800
2025-03-17,1.15,20.51,4.31,4.06,385.7468872070313,22474300
2025-03-18,1.15,21.7,4.29,4.04,380.606201171875,19486900
2025-03-19,1.13,19.9,4.25,3.99,384.8735656738281,19185500
2025-03-20,1.13,19.8,4.24,3.95,383.9010009765625,18470500
2025-03-21,1.14,19.28,4.25,3.94,388.2874755859375,39675900
2025-03-24,1.12,17.48,4.34,4.04,390.0935974121094,21004500
2025-03-25,1.12,17.15,4.31,3.96,392.1578063964844,15775000
2025-03-26,1.13,18.33,4.35,3.98,387.0072326660156,16108400
2025-03-27,1.14,18.69,4.38,3.97,387.612548828125,13766800
2025-03-28,1.17,21.65,4.27,3.89,375.9220886230469,21632000
2025-03-31,1.2,22.28,4.23,3.89,372.5379943847656,35184700
2025-04-01,1.21,21.77,4.17,3.87,379.2863464355469,19689500
2025-04-02,1.19,21.51,4.2,3.91,379.2367248535156,16092600
2025-04-03,1.3,30.02,4.06,3.71,370.2752990722656,30198000
2025-04-04,1.41,45.31,4.01,3.68,357.10614013671875,49209900
2025-04-07,1.48,46.98,4.15,3.73,355.14117431640625,50425000
2025-04-08,1.46,52.33,4.26,3.71,351.8662109375,35868900
2025-04-09,1.49,33.62,4.34,3.91,387.5232543945313,50199700
2025-04-10,1.46,40.72,4.4,3.84,378.4526977539063,38024400
2025-04-11,1.46,37.56,4.48,3.96,385.498779296875,23839200
2025-04-14,1.43,30.89,4.38,3.84,384.8636169433594,19251200
2025-04-15,1.42,30.12,4.35,3.84,382.7994384765625,17199900
2025-04-16,1.41,32.64,4.29,3.77,368.7867126464844,21967800
2025-04-17,1.39,29.65,4.34,3.81,364.9858093261719,21120200
2025-04-21,1.4,33.82,4.42,3.75,356.3916015625,20807300
2025-04-22,1.39,30.57,4.41,3.76,364.0331115722656,19485000
2025-04-23,1.35,28.45,4.4,3.81,371.5455932617188,20545500
2025-04-24,1.33,26.47,4.32,3.77,384.3575134277344,22232300
2025-04-25,1.31,24.84,4.29,3.74,388.8729553222656,18973200
2025-04-28,1.31,25.15,4.23,3.67,388.1882019042969,16579400
2025-04-29,1.33,24.17,4.19,3.65,391.0462951660156,14974000
2025-04-30,1.37,24.7,4.17,3.6,392.2570190429688,36461100
2025-05-01,1.38,24.6,4.25,3.7,422.16802978515625,58938100
2025-05-02,1.34,22.68,4.33,3.83,431.9729614257813,30757400
2025-05-05,1.33,23.64,4.36,3.83,432.8562316894531,20136100
2025-05-06,1.33,24.76,4.3,3.78,430.0179443359375,15104200
2025-05-07,1.32,23.55,4.26,3.78,430.0576477050781,23295300
2025-05-08,1.29,22.48,4.37,3.9,434.8410034179688,23491300
2025-05-09,1.29,21.9,4.37,3.88,435.3967590332031,15324200
2025-05-12,1.22,18.39,4.45,3.98,445.8467712402344,22821900
2025-05-13,1.19,18.22,4.49,4.02,445.7277221679688,23618800
2025-05-14,1.18,18.62,4.53,4.05,449.4988098144531,19902800
2025-05-15,1.19,17.83,4.45,3.96,450.5129089355469,21992300
2025-05-16,1.17,17.24,4.43,3.98,451.6463317871094,23849800
2025-05-19,1.16,18.14,4.46,3.97,456.2197570800781,21336500
2025-05-20,1.15,18.09,4.48,3.97,455.5238342285156,15441800
2025-05-21,1.15,20.87,4.58,4.0,449.9561767578125,19216900
2025-05-22,1.16,20.28,4.54,4.0,452.2329406738281,18025600
2025-05-23,1.18,22.29,4.51,4.0,447.5799560546875,16883500
2025-05-27,1.15,18.96,4.43,3.92,458.0292663574219,20974300
2025-05-28,1.14,19.31,4.47,3.96,454.7184753417969,17086300
2025-05-29,1.14,19.18,4.43,3.92,456.0308837890625,13974800
2025-05-30,1.15,18.57,4.41,3.89,457.7011413574219,34770500
2025-06-02,1.15,18.36,4.46,3.94,459.3018493652344,16626500
2025-06-03,1.12,17.69,4.46,3.96,460.2960815429688,15743800
2025-06-04,1.12,17.61,4.37,3.87,461.1908874511719,14162700
2025-06-05,1.12,18.48,4.4,3.92,464.9788818359375,20131700
2025-06-06,1.1,16.77,4.51,4.04,467.6632995605469,15285600
2025-06-09,1.09,17.16,4.49,4.01,470.0196228027344,16469900
2025-06-10,1.09,16.95,4.47,4.01,468.2001953125,15375900
2025-06-11,1.09,17.26,4.41,3.94,469.890380859375,16399200
2025-06-12,1.1,18.02,4.36,3.9,476.104248046875,18950600
2025-06-13,1.1,20.82,4.41,3.96,472.2168273925781,16814500
2025-06-16,1.08,19.11,4.46,3.97,476.3727111816406,15626100
2025-06-17,1.1,21.6,4.39,3.94,475.279052734375,15414100
2025-06-18,1.1,20.14,4.38,3.94,477.4663391113281,17526500
2025-06-20,1.1,20.62,4.38,3.9,474.6427307128906,37576200
2025-06-23,1.12,19.83,4.34,3.84,483.1930847167969,24864000
2025-06-24,1.1,17.48,4.3,3.75,487.279296875,22305600
2025-06-25,1.11,16.76,4.29,3.74,489.4268493652344,17495100
2025-06-26,1.11,16.59,4.26,3.7,494.5769653320313,21578900
2025-06-27,1.1,16.32,4.29,3.73,493.0756530761719,34539200
2025-06-30,1.08,16.73,4.24,3.72,494.5372009277344,28369000
2025-07-01,1.06,16.83,4.26,3.78,489.2081298828125,19945400
2025-07-02,1.03,16.64,4.3,3.78,488.2536926269531,16319600
2025-07-03,1.01,16.38,4.35,3.88,495.95892333984375,13984800
2025-07-07,1.02,17.79,4.4,3.9,494.8453979492188,13981600
2025-07-08,1.02,16.81,4.42,3.9,493.7517395019531,11846600
2025-07-09,1.04,15.94,4.34,3.86,500.6019592285156,18659500
2025-07-10,1.03,15.78,4.35,3.86,498.5836791992188,16492100
2025-07-11,1.03,16.4,4.43,3.9,500.4130554199219,16459500
2025-07-14,1.03,17.2,4.43,3.9,500.1147766113281,12058800
2025-07-15,1.01,17.38,4.5,3.95,502.8986206054688,14927200
2025-07-16,1.02,17.16,4.46,3.88,502.6997680664063,15154400
2025-07-17,1.01,16.52,4.47,3.91,508.7446594238281,17503100
2025-07-18,1.01,16.41,4.44,3.88,507.1041870117188,21209700
2025-07-21,1.01,16.65,4.38,3.85,507.1141357421875,14066800
2025-07-22,1.02,16.5,4.35,3.83,502.3517761230469,13868600
2025-07-23,1.0,15.37,4.4,3.88,502.94830322265625,16396600
2025-07-24,0.99,15.39,4.43,3.91,507.9294128417969,16107000
2025-07-25,0.99,14.93,4.4,3.91,510.7430419921875,19125700
2025-07-28,0.98,15.03,4.42,3.91,509.5400390625,14308000
2025-07-29,1.0,15.98,4.34,3.86,509.609619140625,16469200
2025-07-30,0.99,15.48,4.38,3.94,510.2757568359375,26380400
2025-07-31,0.99,16.72,4.37,3.94,530.4187622070312,51617300
2025-08-01,1.04,20.38,4.23,3.69,521.0829467773438,28977600
2025-08-04,1.04,17.52,4.22,3.69,532.5464477539062,25349000
2025-08-05,1.03,17.85,4.22,3.72,524.701904296875,19171600
2025-08-06,1.02,16.77,4.22,3.69,521.908203125,21355700
2025-08-07,1.01,16.57,4.23,3.72,517.8319091796875,16079100
2025-08-08,1.01,15.15,4.27,3.76,519.0248413085938,15531000
2025-08-11,1.01,16.25,4.27,3.76,518.7564697265625,20194400
2025-08-12,1.0,14.73,4.29,3.72,526.183349609375,18667000
2025-08-13,0.98,14.49,4.24,3.67,517.5734252929688,19619200
2025-08-14,0.97,14.83,4.29,3.74,519.46240234375,20269100
2025-08-15,0.96,15.09,4.33,3.75,517.1657104492188,25213300
2025-08-18,0.96,14.99,4.34,3.77,514.1134643554688,23760600
2025-08-19,0.97,15.57,4.3,3.75,506.8257751464844,21481000
2025-08-20,0.98,15.69,4.29,3.74,502.7992248535156,27723000
2025-08-21,0.98,16.6,4.33,3.79,502.15185546875,18443300
2025-08-22,0.97,14.22,4.26,3.68,505.1295166015625,24324200
2025-08-25,0.96,14.79,4.28,3.73,502.17181396484375,21638600
2025-08-26,0.98,14.62,4.26,3.61,499.96099853515625,30835700
2025-08-27,0.99,14.85,4.24,3.59,504.64154052734375,17277900
2025-08-28,0.99,14.43,4.22,3.62,507.529541015625,18015600
2025-08-29,1.01,15.36,4.23,3.59,504.59173583984375,20961600
2025-09-02,1.03,17.17,4.28,3.66,503.0282287597656,18128000
2025-09-03,1.02,16.35,4.22,3.61,503.2572937011719,16345100
2025-09-04,1.0,15.3,4.17,3.59,505.866455078125,15509500
2025-09-05,1.0,15.18,4.1,3.51,492.9501647949219,31994800
2025-09-08,1.01,15.11,4.05,3.49,496.1369018554688,16771000
2025-09-09,1.01,15.04,4.08,3.54,496.3460083007813,14410500
2025-09-10,1.0,15.35,4.04,3.54,498.29791259765625,21611800
2025-09-11,0.98,14.71,4.01,3.52,498.9352722167969,18881600
2025-09-12,0.97,14.76,4.06,3.56,507.7884521484375,23624900
2025-09-15,0.95,15.69,4.05,3.54,513.225830078125,17143800
2025-09-16,0.96,16.36,4.04,3.51,506.9320068359375,19711900
2025-09-17,0.96,15.72,4.06,3.52,507.9079284667969,15816600
2025-09-18,0.94,15.7,4.11,3.57,506.3444519042969,18913700
2025-09-19,0.93,15.45,4.14,3.57,515.7852172851562,52474100
2025-09-22,0.93,16.1,4.15,3.61,512.3196411132812,20009300
2025-09-23,0.94,16.64,4.12,3.53,507.1212463378906,19799600
2025-09-24,0.95,16.18,4.16,3.57,508.0373840332031,13533700
2025-09-25,0.96,16.74,4.18,3.64,504.9303283691406,15786500
2025-09-26,0.95,15.29,4.2,3.63,509.3419494628906,16213100
2025-09-29,0.94,16.12,4.15,3.63,512.4689331054688,17617800
2025-09-30,0.97,16.28,4.16,3.6,515.8051147460938,19728200
2025-10-01,0.97,16.29,4.12,3.55,517.5578002929688,22632300
2025-10-02,0.96,16.63,4.1,3.55,513.6041870117188,21222900
2025-10-03,0.95,16.65,4.13,3.58,515.20751953125,15112300
2025-10-06,0.94,16.37,4.18,3.6,526.3811645507812,21388600
2025-10-07,0.95,17.24,4.14,3.57,521.8101196289062,14615200
2025-10-08,0.95,16.3,4.13,3.58,522.676513671875,13363400
2025-10-09,0.98,16.43,4.14,3.6,520.2366943359375,18343600
2025-10-10,1.02,21.66,4.05,3.52,508.8440551757813,24133800
2025-10-13,1.02,19.03,4.05,3.52,511.9212646484375,14284200
2025-10-14,1.02,20.81,4.03,3.48,511.4432067871094,14684300
2025-10-15,0.99,20.64,4.05,3.5,511.3038330078125,14694700
2025-10-16,1.01,25.31,3.99,3.41,509.4913330078125,15559600
2025-10-17,1.01,20.78,4.02,3.46,511.4532165527344,19867800
2025-10-20,1.0,18.23,4.0,3.46,514.6498413085938,14665600
2025-10-21,1.01,17.87,3.98,3.45,515.5162963867188,15586200
2025-10-22,1.02,18.6,3.97,3.45,518.3843383789062,18962700
2025-10-23,1.0,17.3,4.01,3.48,518.404296875,14023500
2025-10-24,0.98,16.37,4.02,3.48,521.441650390625,15532400
2025-10-27,0.97,15.79,4.01,3.48,529.3189697265625,18734700
2025-10-28,0.97,16.42,3.99,3.47,539.8251953125,29986700
2025-10-29,0.96,16.92,4.08,3.59,539.3073120117188,36023000
2025-10-30,0.98,16.91,4.11,3.61,523.582763671875,41023100
2025-10-31,1.02,17.44,4.11,3.6,515.6656494140625,34006400
2025-11-03,1.04,17.17,4.13,3.6,514.888916015625,22374700
2025-11-04,1.04,19.0,4.1,3.58,512.2001342773438,20958700
2025-11-05,1.02,18.01,4.17,3.63,505.0597839355469,23024300
2025-11-06,1.04,19.5,4.11,3.57,495.04144287109375,27406500
2025-11-07,1.06,19.08,4.11,3.55,494.7626037597656,24019800
2025-11-10,1.05,17.6,4.13,3.58,503.9046020507813,26101500
2025-11-11,1.05,17.28,4.13,3.58,506.573486328125,17980000
2025-11-12,1.05,17.51,4.08,3.56,509.0233154296875,26574900
2025-11-13,1.06,20.0,4.11,3.58,501.205810546875,25273100
2025-11-14,1.06,19.83,4.14,3.62,508.0672912597656,28505700
2025-11-17,1.06,22.38,4.13,3.6,505.388427734375,19092800
2025-11-18,1.07,24.69,4.12,3.58,491.74517822265625,33815100
2025-11-19,1.07,23.66,4.13,3.58,485.102783203125,23245300
2025-11-20,1.08,26.42,4.1,3.55,477.3404846191406,26802500
2025-11-21,1.09,23.43,4.06,3.51,471.04486083984375,31769200
2025-11-24,1.08,20.52,4.04,3.46,472.9205932617188,34421000
2025-11-25,1.07,18.56,4.01,3.43,475.90374755859375,28019800
2025-11-26,1.05,17.19,4.0,3.45,484.3943786621094,25709100
2025-11-28,1.04,16.35,4.02,3.47,490.88958740234375,14386700
2025-12-01,1.04,17.24,4.09,3.54,485.6315612792969,23964000
2025-12-02,1.03,16.59,4.09,3.51,488.8841552734375,19562700
2025-12-03,1.03,16.08,4.06,3.49,476.64208984375,34615100
2025-12-04,1.02,15.78,4.11,3.52,479.7449951171875,22318200
2025-12-05,1.01,15.41,4.14,3.56,482.0597229003906,22608700
2025-12-08,1.0,16.66,4.17,3.57,489.9018249511719,21965900
2025-12-09,1.0,16.93,4.18,3.61,490.8995361328125,14696100
2025-12-10,1.0,15.77,4.13,3.54,477.4701843261719,35756200
2025-12-11,1.0,14.85,4.14,3.52,482.3690185546875,24669200
2025-12-12,1.01,15.74,4.19,3.52,477.4402770996094,21248100
2025-12-15,1.02,16.5,4.18,3.51,473.73870849609375,23727700
2025-12-16,1.03,16.48,4.15,3.48,475.3051452636719,20705600
2025-12-17,1.03,17.62,4.16,3.49,475.0357360839844,24527200
2025-12-18,1.03,16.87,4.12,3.46,482.87786865234375,28573500
2025-12-19,1.02,14.91,4.16,3.48,484.8134460449219,70836100
2025-12-22,1.02,14.08,4.17,3.44,483.8157348632813,16963000
2025-12-23,1.01,14.0,4.18,3.48,485.7413330078125,14683600
2025-12-24,1.0,13.47,4.15,3.47,486.90863037109375,5855900
2025-12-26,1.0,13.6,4.14,3.46,486.599365234375,8842200
2025-12-29,1.0,14.2,4.12,3.45,485.9907531738281,10893400
2025-12-30,1.01,14.33,4.14,3.45,486.3699035644531,13944500
2025-12-31,1.01,14.95,4.18,3.47,482.5186767578125,15601600
2026-01-02,1.01,14.51,4.19,3.47,471.8630065917969,25571600
2026-01-05,1.01,14.9,4.17,3.46,471.773193359375,25250300
2026-01-06,1.0,14.75,4.18,3.47,477.4203186035156,23037700
2026-01-07,1.01,15.38,4.15,3.47,482.3690185546875,25564200
2026-01-08,1.01,15.45,4.19,3.49,477.0212097167969,18162600
2026-01-09,0.99,14.49,4.18,3.54,478.1885681152344,18491000
2026-01-12,0.99,15.12,4.19,3.54,476.0933227539063,23519900
2026-01-13,0.98,15.98,4.18,3.53,469.5981750488281,28545800
2026-01-14,0.98,16.75,4.15,3.51,458.3338928222656,28184300
2026-01-15,0.97,15.84,4.17,3.56,455.6200866699219,23225800
2026-01-16,0.96,15.86,4.24,3.59,458.8127746582031,34246700
2026-01-20,0.96,20.09,4.3,3.6,453.4849243164063,26130000
2026-01-21,0.95,16.9,4.26,3.6,443.0986328125,37980500
2026-01-22,0.93,15.64,4.26,3.61,450.1126403808594,25349400
2026-01-23,0.94,16.09,4.24,3.6,464.888916015625,38000200
2026-01-26,0.94,16.15,4.22,3.56,469.20904541015625,29291200
2026-01-27,0.94,16.35,4.24,3.53,479.485595703125,29213900
2026-01-28,0.93,16.35,4.26,3.56,480.533203125,36875400
2026-01-29,0.94,16.88,4.24,3.53,432.5128173828125,128855300
2026-01-30,0.94,17.44,4.26,3.52,429.3101196289063,58566800
2026-02-02,0.93,16.34,4.29,3.57,422.4058837890625,42219900
2026-02-03,0.94,18.0,4.28,3.57,410.2735595703125,61424100
2026-02-04,0.95,18.64,4.29,3.57,413.2467956542969,45012400
2026-02-05,0.96,21.77,4.21,3.47,392.7735290527344,66289200
2026-02-06,0.96,17.76,4.22,3.5,400.22650146484375,53515300
2026-02-09,0.96,17.36,4.22,3.48,412.65814208984375,45480500
2026-02-10,0.98,17.79,4.16,3.45,412.328857421875,44857900
2026-02-11,0.98,17.65,4.18,3.52,403.4491271972656,42491000
2026-02-12,0.99,20.82,4.09,3.47,400.9248962402344,40802400
2026-02-13,1.0,20.6,4.04,3.4,400.4060974121094,34091600
2026-02-17,1.01,20.29,4.05,3.43,395.9562377929688,32078800
2026-02-18,0.99,19.62,4.09,3.47,398.6900024414063,23223400
2026-02-19,0.99,20.23,4.08,3.47,398.4599914550781,28234000
2026-02-20,0.99,19.09,4.08,3.48,397.2300109863281,34015200
2026-02-23,1.01,21.01,4.03,3.43,384.4700012207031,43238300
2026-02-24,1.02,19.55,4.04,3.43,389.0,33884700
2026-02-25,1.01,17.93,4.05,3.45,400.6000061035156,43625500
2026-02-26,1.03,18.63,4.02,3.42,401.7200012207031,34405900
2026-02-27,1.07,19.86,3.97,3.38,392.739990234375,51367200
2026-03-02,1.06,21.44,4.05,3.47,398.5499877929688,35474900
2026-03-03,1.06,23.57,4.06,3.51,403.9299926757813,38199200
2026-03-04,1.03,21.15,4.09,3.54,405.2000122070313,35808000
2026-03-05,1.04,23.75,4.13,3.57,410.6799926757813,39001300
2026-03-06,1.06,29.49,4.15,3.56,408.9599914550781,31123900
2026-03-09,1.07,25.5,4.12,3.56,409.4100036621094,30131900
2026-03-10,1.06,24.93,4.15,3.57,405.760009765625,31706400
2026-03-11,1.09,24.23,4.21,3.64,404.8800048828125,25512100
2026-03-12,1.12,27.29,4.27,3.76,401.8599853515625,27263900
2026-03-13,1.15,27.19,4.28,3.73,395.5499877929688,26848000
2026-03-16,1.16,23.51,4.23,3.68,399.9500122070313,27733700
2026-03-17,1.14,22.37,4.2,3.68,399.4100036621094,26228300
2026-03-18,1.13,25.09,4.26,3.76,391.7900085449219,25908500
2026-03-19,1.13,24.06,4.25,3.79,389.0199890136719,25138800
2026-03-20,1.11,26.78,4.39,3.88,381.8699951171875,50853200
2026-03-23,1.11,26.15,4.34,3.83,383.0,29680100
2026-03-24,1.09,26.95,4.39,3.9,372.739990234375,42733600
2026-03-25,1.09,25.33,4.33,3.84,371.0400085449219,31181200
2026-03-26,1.11,27.44,4.42,3.96,365.9700012207031,36836600
2026-03-27,1.14,31.05,4.44,3.88,356.7699890136719,37883400
2026-03-30,1.16,30.61,4.35,3.82,358.9599914550781,44797000
2026-03-31,1.13,25.25,4.3,3.79,370.1700134277344,45244400
2026-04-01,1.1,24.54,4.33,3.81,369.3699951171875,29417200
2026-04-02,1.09,23.87,4.31,3.79,373.4599914550781,24099100
2026-04-06,1.07,24.17,4.34,3.84,372.8800048828125,16146600
2026-04-07,1.08,25.78,4.33,3.81,372.2900085449219,21443300
2026-04-08,1.05,21.04,4.29,3.79,374.3299865722656,33064800
